[2025-03-15 11:30:49] INFO: Generated token: 
[2025-03-15 11:36:53] INFO: Conectado a la base de datos...!
[2025-03-15 11:37:14] INFO: Conectado a la base de datos...!
[2025-03-15 11:54:47] INFO: Conectado a la base de datos...!
[2025-03-15 12:07:09] INFO: Conectado a la base de datos...!
[2025-03-15 12:09:48] INFO: Conectado a la base de datos...!
[2025-03-15 12:10:37] INFO: Conectado a la base de datos...!
[2025-03-15 12:11:28] INFO: Conectado a la base de datos...!
[2025-03-15 12:13:13] INFO: Generated token: eyJhbGciOiJIUzI1NiIsInR5cCI6IkpXVCJ9.eyJ1c2VySWQiOiI2N2Q0ODQwNTk0YTkyOWUzNDg0MzNiZDAiLCJyb2xlIjoiZGV2IiwiZW5hYmxlZCI6dHJ1ZSwiaWF0IjoxNzQyMDUxNTkzLCJleHAiOjE3NDIwNTUxOTN9.nKNsVXNBJ5F1Y9v8ch-x0Bn9r0LMgick0O0vOX4s7co
[2025-03-15 12:44:17] INFO: Conectado a la base de datos...!
[2025-03-15 14:22:57] INFO: Conectado a la base de datos...!
[2025-03-15 14:23:23] INFO: Generated token: eyJhbGciOiJIUzI1NiIsInR5cCI6IkpXVCJ9.eyJ1c2VySWQiOiI2N2Q0ODQwNTk0YTkyOWUzNDg0MzNiZDAiLCJyb2xlIjoiZGV2IiwiZW5hYmxlZCI6dHJ1ZSwiaWF0IjoxNzQyMDU5NDAzLCJleHAiOjE3NDIwNjMwMDN9.NyS1G1cO2kEKkjEzncSoMDGWYYT_mAsvPetyfVS5P20
[2025-03-15 14:27:41] INFO: Conectado a la base de datos...!
[2025-03-15 14:30:31] INFO: Conectado a la base de datos...!
[2025-03-15 14:52:17] INFO: Conectado a la base de datos...!
[2025-03-15 14:53:54] INFO: Conectado a la base de datos...!
[2025-03-15 14:56:18] INFO: Conectado a la base de datos...!
[2025-03-15 14:56:39] INFO: Conectado a la base de datos...!
[2025-03-15 14:57:01] INFO: Conectado a la base de datos...!
[2025-03-15 15:02:04] INFO: Conectado a la base de datos...!
[2025-03-15 15:02:16] INFO: Conectado a la base de datos...!
[2025-03-15 15:02:45] INFO: Conectado a la base de datos...!
[2025-03-15 15:02:49] INFO: Conectado a la base de datos...!
[2025-03-15 15:04:24] INFO: Conectado a la base de datos...!
[2025-03-15 15:05:07] INFO: Conectado a la base de datos...!
[2025-03-15 15:07:17] INFO: Conectado a la base de datos...!
[2025-03-15 15:10:29] INFO: Conectado a la base de datos...!
[2025-03-15 15:10:44] INFO: Conectado a la base de datos...!
[2025-03-15 15:12:23] INFO: Conectado a la base de datos...!
[2025-03-15 15:13:22] INFO: Conectado a la base de datos...!
[2025-03-15 15:14:03] INFO: Conectado a la base de datos...!
[2025-03-15 15:14:15] INFO: Conectado a la base de datos...!
[2025-03-15 15:15:01] INFO: Conectado a la base de datos...!
[2025-03-15 15:15:53] INFO: Aplicando plugin de timestamps...
[2025-03-15 15:15:53] INFO: Aplicando plugin toJson...
[2025-03-15 15:15:53] INFO: Aplicando plugin toObject...
[2025-03-15 15:15:53] INFO: Aplicando plugin de timestamps...
[2025-03-15 15:15:53] INFO: Aplicando plugin toJson...
[2025-03-15 15:15:53] INFO: Aplicando plugin toObject...
[2025-03-15 15:15:53] INFO: Aplicando plugin de timestamps...
[2025-03-15 15:15:53] INFO: Aplicando plugin toJson...
[2025-03-15 15:15:53] INFO: Aplicando plugin toObject...
[2025-03-15 15:15:53] INFO: Aplicando plugin de timestamps...
[2025-03-15 15:15:53] INFO: Aplicando plugin toJson...
[2025-03-15 15:15:53] INFO: Aplicando plugin toObject...
[2025-03-15 15:15:53] INFO: Aplicando plugin de timestamps...
[2025-03-15 15:15:53] INFO: Aplicando plugin toJson...
[2025-03-15 15:15:53] INFO: Aplicando plugin toObject...
[2025-03-15 15:15:53] INFO: Aplicando plugin de timestamps...
[2025-03-15 15:15:53] INFO: Aplicando plugin toJson...
[2025-03-15 15:15:53] INFO: Aplicando plugin toObject...
[2025-03-15 15:15:53] INFO: Aplicando plugin de timestamps...
[2025-03-15 15:15:53] INFO: Aplicando plugin toJson...
[2025-03-15 15:15:53] INFO: Aplicando plugin toObject...
[2025-03-15 15:15:53] INFO: Aplicando plugin de timestamps...
[2025-03-15 15:15:53] INFO: Aplicando plugin toJson...
[2025-03-15 15:15:53] INFO: Aplicando plugin toObject...
[2025-03-15 15:15:53] INFO: Aplicando plugin de timestamps...
[2025-03-15 15:15:53] INFO: Aplicando plugin toJson...
[2025-03-15 15:15:53] INFO: Aplicando plugin toObject...
[2025-03-15 15:15:53] INFO: Aplicando plugin de timestamps...
[2025-03-15 15:15:53] INFO: Aplicando plugin toJson...
[2025-03-15 15:15:53] INFO: Aplicando plugin toObject...
[2025-03-15 15:15:53] INFO: Aplicando plugin de timestamps...
[2025-03-15 15:15:53] INFO: Aplicando plugin toJson...
[2025-03-15 15:15:53] INFO: Aplicando plugin toObject...
[2025-03-15 15:15:53] INFO: Aplicando plugin de timestamps...
[2025-03-15 15:15:53] INFO: Aplicando plugin toJson...
[2025-03-15 15:15:53] INFO: Aplicando plugin toObject...
[2025-03-15 15:15:53] INFO: Aplicando plugin de timestamps...
[2025-03-15 15:15:53] INFO: Aplicando plugin toJson...
[2025-03-15 15:15:53] INFO: Aplicando plugin toObject...
[2025-03-15 15:15:53] INFO: Aplicando plugin de timestamps...
[2025-03-15 15:15:53] INFO: Aplicando plugin toJson...
[2025-03-15 15:15:53] INFO: Aplicando plugin toObject...
[2025-03-15 15:15:54] INFO: Conectado a la base de datos...!
[2025-03-15 15:16:34] INFO: Aplicando plugin de timestamps...
[2025-03-15 15:16:34] INFO: Aplicando plugin toJson...
[2025-03-15 15:16:34] INFO: Aplicando plugin toObject...
[2025-03-15 15:16:34] INFO: Aplicando plugin de timestamps...
[2025-03-15 15:16:34] INFO: Aplicando plugin toJson...
[2025-03-15 15:16:34] INFO: Aplicando plugin toObject...
[2025-03-15 15:16:34] INFO: Aplicando plugin de timestamps...
[2025-03-15 15:16:34] INFO: Aplicando plugin toJson...
[2025-03-15 15:16:34] INFO: Aplicando plugin toObject...
[2025-03-15 15:16:34] INFO: Aplicando plugin de timestamps...
[2025-03-15 15:16:34] INFO: Aplicando plugin toJson...
[2025-03-15 15:16:34] INFO: Aplicando plugin toObject...
[2025-03-15 15:16:34] INFO: Aplicando plugin de timestamps...
[2025-03-15 15:16:34] INFO: Aplicando plugin toJson...
[2025-03-15 15:16:34] INFO: Aplicando plugin toObject...
[2025-03-15 15:16:34] INFO: Aplicando plugin de timestamps...
[2025-03-15 15:16:34] INFO: Aplicando plugin toJson...
[2025-03-15 15:16:34] INFO: Aplicando plugin toObject...
[2025-03-15 15:16:34] INFO: Aplicando plugin de timestamps...
[2025-03-15 15:16:34] INFO: Aplicando plugin toJson...
[2025-03-15 15:16:34] INFO: Aplicando plugin toObject...
[2025-03-15 15:16:34] INFO: Aplicando plugin de timestamps...
[2025-03-15 15:16:34] INFO: Aplicando plugin toJson...
[2025-03-15 15:16:34] INFO: Aplicando plugin toObject...
[2025-03-15 15:16:34] INFO: Aplicando plugin de timestamps...
[2025-03-15 15:16:34] INFO: Aplicando plugin toJson...
[2025-03-15 15:16:34] INFO: Aplicando plugin toObject...
[2025-03-15 15:16:34] INFO: Aplicando plugin de timestamps...
[2025-03-15 15:16:34] INFO: Aplicando plugin toJson...
[2025-03-15 15:16:34] INFO: Aplicando plugin toObject...
[2025-03-15 15:16:34] INFO: Aplicando plugin de timestamps...
[2025-03-15 15:16:34] INFO: Aplicando plugin toJson...
[2025-03-15 15:16:34] INFO: Aplicando plugin toObject...
[2025-03-15 15:16:34] INFO: Aplicando plugin de timestamps...
[2025-03-15 15:16:34] INFO: Aplicando plugin toJson...
[2025-03-15 15:16:34] INFO: Aplicando plugin toObject...
[2025-03-15 15:16:34] INFO: Aplicando plugin de timestamps...
[2025-03-15 15:16:34] INFO: Aplicando plugin toJson...
[2025-03-15 15:16:34] INFO: Aplicando plugin toObject...
[2025-03-15 15:16:34] INFO: Aplicando plugin de timestamps...
[2025-03-15 15:16:34] INFO: Aplicando plugin toJson...
[2025-03-15 15:16:34] INFO: Aplicando plugin toObject...
[2025-03-15 15:16:35] INFO: Conectado a la base de datos...!
[2025-03-15 15:28:05] INFO: Generated token: eyJhbGciOiJIUzI1NiIsInR5cCI6IkpXVCJ9.eyJ1c2VySWQiOiI2N2Q0ODQwNTk0YTkyOWUzNDg0MzNiZDAiLCJyb2xlIjoiZGV2IiwiZW5hYmxlZCI6dHJ1ZSwiaWF0IjoxNzQyMDYzMjg1LCJleHAiOjE3NDIwNjY4ODV9.Ms70zHBxSQVWYw52dImPIf1PToTt3dlf3Gz8toSdoIw
[2025-03-15 15:33:48] INFO: Aplicando plugin de timestamps...
[2025-03-15 15:33:48] INFO: Aplicando plugin toJson...
[2025-03-15 15:33:48] INFO: Aplicando plugin toObject...
[2025-03-15 15:33:48] INFO: Aplicando plugin de timestamps...
[2025-03-15 15:33:48] INFO: Aplicando plugin toJson...
[2025-03-15 15:33:48] INFO: Aplicando plugin toObject...
[2025-03-15 15:33:48] INFO: Aplicando plugin de timestamps...
[2025-03-15 15:33:48] INFO: Aplicando plugin toJson...
[2025-03-15 15:33:48] INFO: Aplicando plugin toObject...
[2025-03-15 15:33:48] INFO: Aplicando plugin de timestamps...
[2025-03-15 15:33:48] INFO: Aplicando plugin toJson...
[2025-03-15 15:33:48] INFO: Aplicando plugin toObject...
[2025-03-15 15:33:48] INFO: Aplicando plugin de timestamps...
[2025-03-15 15:33:48] INFO: Aplicando plugin toJson...
[2025-03-15 15:33:48] INFO: Aplicando plugin toObject...
[2025-03-15 15:33:48] INFO: Aplicando plugin de timestamps...
[2025-03-15 15:33:48] INFO: Aplicando plugin toJson...
[2025-03-15 15:33:48] INFO: Aplicando plugin toObject...
[2025-03-15 15:33:48] INFO: Aplicando plugin de timestamps...
[2025-03-15 15:33:48] INFO: Aplicando plugin toJson...
[2025-03-15 15:33:48] INFO: Aplicando plugin toObject...
[2025-03-15 15:33:48] INFO: Aplicando plugin de timestamps...
[2025-03-15 15:33:48] INFO: Aplicando plugin toJson...
[2025-03-15 15:33:48] INFO: Aplicando plugin toObject...
[2025-03-15 15:33:48] INFO: Aplicando plugin de timestamps...
[2025-03-15 15:33:48] INFO: Aplicando plugin toJson...
[2025-03-15 15:33:48] INFO: Aplicando plugin toObject...
[2025-03-15 15:33:48] INFO: Aplicando plugin de timestamps...
[2025-03-15 15:33:48] INFO: Aplicando plugin toJson...
[2025-03-15 15:33:48] INFO: Aplicando plugin toObject...
[2025-03-15 15:33:48] INFO: Aplicando plugin de timestamps...
[2025-03-15 15:33:48] INFO: Aplicando plugin toJson...
[2025-03-15 15:33:48] INFO: Aplicando plugin toObject...
[2025-03-15 15:33:48] INFO: Aplicando plugin de timestamps...
[2025-03-15 15:33:48] INFO: Aplicando plugin toJson...
[2025-03-15 15:33:48] INFO: Aplicando plugin toObject...
[2025-03-15 15:33:48] INFO: Aplicando plugin de timestamps...
[2025-03-15 15:33:48] INFO: Aplicando plugin toJson...
[2025-03-15 15:33:48] INFO: Aplicando plugin toObject...
[2025-03-15 15:33:48] INFO: Aplicando plugin de timestamps...
[2025-03-15 15:33:48] INFO: Aplicando plugin toJson...
[2025-03-15 15:33:48] INFO: Aplicando plugin toObject...
[2025-03-15 15:33:49] INFO: Conectado a la base de datos...!
[2025-03-15 15:34:03] INFO: Aplicando plugin de timestamps...
[2025-03-15 15:34:03] INFO: Aplicando plugin toJson...
[2025-03-15 15:34:03] INFO: Aplicando plugin toObject...
[2025-03-15 15:34:03] INFO: Aplicando plugin de timestamps...
[2025-03-15 15:34:03] INFO: Aplicando plugin toJson...
[2025-03-15 15:34:03] INFO: Aplicando plugin toObject...
[2025-03-15 15:34:03] INFO: Aplicando plugin de timestamps...
[2025-03-15 15:34:03] INFO: Aplicando plugin toJson...
[2025-03-15 15:34:03] INFO: Aplicando plugin toObject...
[2025-03-15 15:34:03] INFO: Aplicando plugin de timestamps...
[2025-03-15 15:34:03] INFO: Aplicando plugin toJson...
[2025-03-15 15:34:03] INFO: Aplicando plugin toObject...
[2025-03-15 15:34:03] INFO: Aplicando plugin de timestamps...
[2025-03-15 15:34:03] INFO: Aplicando plugin toJson...
[2025-03-15 15:34:03] INFO: Aplicando plugin toObject...
[2025-03-15 15:34:03] INFO: Aplicando plugin de timestamps...
[2025-03-15 15:34:03] INFO: Aplicando plugin toJson...
[2025-03-15 15:34:03] INFO: Aplicando plugin toObject...
[2025-03-15 15:34:03] INFO: Aplicando plugin de timestamps...
[2025-03-15 15:34:03] INFO: Aplicando plugin toJson...
[2025-03-15 15:34:03] INFO: Aplicando plugin toObject...
[2025-03-15 15:34:03] INFO: Aplicando plugin de timestamps...
[2025-03-15 15:34:03] INFO: Aplicando plugin toJson...
[2025-03-15 15:34:03] INFO: Aplicando plugin toObject...
[2025-03-15 15:34:03] INFO: Aplicando plugin de timestamps...
[2025-03-15 15:34:03] INFO: Aplicando plugin toJson...
[2025-03-15 15:34:03] INFO: Aplicando plugin toObject...
[2025-03-15 15:34:03] INFO: Aplicando plugin de timestamps...
[2025-03-15 15:34:03] INFO: Aplicando plugin toJson...
[2025-03-15 15:34:03] INFO: Aplicando plugin toObject...
[2025-03-15 15:34:03] INFO: Aplicando plugin de timestamps...
[2025-03-15 15:34:03] INFO: Aplicando plugin toJson...
[2025-03-15 15:34:03] INFO: Aplicando plugin toObject...
[2025-03-15 15:34:03] INFO: Aplicando plugin de timestamps...
[2025-03-15 15:34:03] INFO: Aplicando plugin toJson...
[2025-03-15 15:34:03] INFO: Aplicando plugin toObject...
[2025-03-15 15:34:03] INFO: Aplicando plugin de timestamps...
[2025-03-15 15:34:03] INFO: Aplicando plugin toJson...
[2025-03-15 15:34:03] INFO: Aplicando plugin toObject...
[2025-03-15 15:34:03] INFO: Aplicando plugin de timestamps...
[2025-03-15 15:34:03] INFO: Aplicando plugin toJson...
[2025-03-15 15:34:03] INFO: Aplicando plugin toObject...
[2025-03-15 15:34:04] INFO: Conectado a la base de datos...!
[2025-03-15 15:55:45] INFO: Aplicando plugin de timestamps...
[2025-03-15 15:55:45] INFO: Aplicando plugin toJson...
[2025-03-15 15:55:45] INFO: Aplicando plugin toObject...
[2025-03-15 15:55:45] INFO: Aplicando plugin de timestamps...
[2025-03-15 15:55:45] INFO: Aplicando plugin toJson...
[2025-03-15 15:55:45] INFO: Aplicando plugin toObject...
[2025-03-15 15:55:45] INFO: Aplicando plugin de timestamps...
[2025-03-15 15:55:45] INFO: Aplicando plugin toJson...
[2025-03-15 15:55:45] INFO: Aplicando plugin toObject...
[2025-03-15 15:55:45] INFO: Aplicando plugin de timestamps...
[2025-03-15 15:55:45] INFO: Aplicando plugin toJson...
[2025-03-15 15:55:45] INFO: Aplicando plugin toObject...
[2025-03-15 15:55:45] INFO: Aplicando plugin de timestamps...
[2025-03-15 15:55:45] INFO: Aplicando plugin toJson...
[2025-03-15 15:55:45] INFO: Aplicando plugin toObject...
[2025-03-15 15:55:45] INFO: Aplicando plugin de timestamps...
[2025-03-15 15:55:45] INFO: Aplicando plugin toJson...
[2025-03-15 15:55:45] INFO: Aplicando plugin toObject...
[2025-03-15 15:55:45] INFO: Aplicando plugin de timestamps...
[2025-03-15 15:55:45] INFO: Aplicando plugin toJson...
[2025-03-15 15:55:45] INFO: Aplicando plugin toObject...
[2025-03-15 15:55:46] INFO: Aplicando plugin de timestamps...
[2025-03-15 15:55:46] INFO: Aplicando plugin toJson...
[2025-03-15 15:55:46] INFO: Aplicando plugin toObject...
[2025-03-15 15:55:46] INFO: Aplicando plugin de timestamps...
[2025-03-15 15:55:46] INFO: Aplicando plugin toJson...
[2025-03-15 15:55:46] INFO: Aplicando plugin toObject...
[2025-03-15 15:55:46] INFO: Aplicando plugin de timestamps...
[2025-03-15 15:55:46] INFO: Aplicando plugin toJson...
[2025-03-15 15:55:46] INFO: Aplicando plugin toObject...
[2025-03-15 15:55:46] INFO: Aplicando plugin de timestamps...
[2025-03-15 15:55:46] INFO: Aplicando plugin toJson...
[2025-03-15 15:55:46] INFO: Aplicando plugin toObject...
[2025-03-15 15:55:46] INFO: Aplicando plugin de timestamps...
[2025-03-15 15:55:46] INFO: Aplicando plugin toJson...
[2025-03-15 15:55:46] INFO: Aplicando plugin toObject...
[2025-03-15 15:55:46] INFO: Aplicando plugin de timestamps...
[2025-03-15 15:55:46] INFO: Aplicando plugin toJson...
[2025-03-15 15:55:46] INFO: Aplicando plugin toObject...
[2025-03-15 15:55:46] INFO: Aplicando plugin de timestamps...
[2025-03-15 15:55:46] INFO: Aplicando plugin toJson...
[2025-03-15 15:55:46] INFO: Aplicando plugin toObject...
[2025-03-15 15:55:46] INFO: Conectado a la base de datos...!
[2025-03-15 15:56:44] INFO: Generated token: eyJhbGciOiJIUzI1NiIsInR5cCI6IkpXVCJ9.eyJ1c2VySWQiOiI2N2Q1Y2Q1YTdhMDRmODRlYWYwNWUzODAiLCJyb2xlIjoiZGV2IiwiZW5hYmxlZCI6dHJ1ZSwiaWF0IjoxNzQyMDY1MDA0LCJleHAiOjE3NDIwNjg2MDR9.lVxRFOgK59OhFQQZznRATbX_cLkKOEZrWa2IY8R6H1k
[2025-03-15 17:07:13] INFO: Aplicando plugin de timestamps...
[2025-03-15 17:07:13] INFO: Aplicando plugin toJson...
[2025-03-15 17:07:13] INFO: Aplicando plugin toObject...
[2025-03-15 17:07:13] INFO: Aplicando plugin de timestamps...
[2025-03-15 17:07:13] INFO: Aplicando plugin toJson...
[2025-03-15 17:07:13] INFO: Aplicando plugin toObject...
[2025-03-15 17:07:13] INFO: Aplicando plugin de timestamps...
[2025-03-15 17:07:13] INFO: Aplicando plugin toJson...
[2025-03-15 17:07:13] INFO: Aplicando plugin toObject...
[2025-03-15 17:07:13] INFO: Aplicando plugin de timestamps...
[2025-03-15 17:07:13] INFO: Aplicando plugin toJson...
[2025-03-15 17:07:13] INFO: Aplicando plugin toObject...
[2025-03-15 17:07:13] INFO: Aplicando plugin de timestamps...
[2025-03-15 17:07:13] INFO: Aplicando plugin toJson...
[2025-03-15 17:07:13] INFO: Aplicando plugin toObject...
[2025-03-15 17:07:13] INFO: Aplicando plugin de timestamps...
[2025-03-15 17:07:13] INFO: Aplicando plugin toJson...
[2025-03-15 17:07:13] INFO: Aplicando plugin toObject...
[2025-03-15 17:07:13] INFO: Aplicando plugin de timestamps...
[2025-03-15 17:07:13] INFO: Aplicando plugin toJson...
[2025-03-15 17:07:13] INFO: Aplicando plugin toObject...
[2025-03-15 17:07:13] INFO: Aplicando plugin de timestamps...
[2025-03-15 17:07:13] INFO: Aplicando plugin toJson...
[2025-03-15 17:07:13] INFO: Aplicando plugin toObject...
[2025-03-15 17:07:13] INFO: Aplicando plugin de timestamps...
[2025-03-15 17:07:13] INFO: Aplicando plugin toJson...
[2025-03-15 17:07:13] INFO: Aplicando plugin toObject...
[2025-03-15 17:07:13] INFO: Aplicando plugin de timestamps...
[2025-03-15 17:07:13] INFO: Aplicando plugin toJson...
[2025-03-15 17:07:13] INFO: Aplicando plugin toObject...
[2025-03-15 17:07:13] INFO: Aplicando plugin de timestamps...
[2025-03-15 17:07:13] INFO: Aplicando plugin toJson...
[2025-03-15 17:07:13] INFO: Aplicando plugin toObject...
[2025-03-15 17:07:13] INFO: Aplicando plugin de timestamps...
[2025-03-15 17:07:13] INFO: Aplicando plugin toJson...
[2025-03-15 17:07:13] INFO: Aplicando plugin toObject...
[2025-03-15 17:07:13] INFO: Aplicando plugin de timestamps...
[2025-03-15 17:07:13] INFO: Aplicando plugin toJson...
[2025-03-15 17:07:13] INFO: Aplicando plugin toObject...
[2025-03-15 17:07:13] INFO: Aplicando plugin de timestamps...
[2025-03-15 17:07:13] INFO: Aplicando plugin toJson...
[2025-03-15 17:07:13] INFO: Aplicando plugin toObject...
[2025-03-15 17:07:13] INFO: Conectado a la base de datos...!
[2025-03-15 17:10:34] INFO: Aplicando plugin de timestamps...
[2025-03-15 17:10:34] INFO: Aplicando plugin toJson...
[2025-03-15 17:10:34] INFO: Aplicando plugin toObject...
[2025-03-15 17:10:34] INFO: Aplicando plugin de timestamps...
[2025-03-15 17:10:34] INFO: Aplicando plugin toJson...
[2025-03-15 17:10:34] INFO: Aplicando plugin toObject...
[2025-03-15 17:10:34] INFO: Aplicando plugin de timestamps...
[2025-03-15 17:10:34] INFO: Aplicando plugin toJson...
[2025-03-15 17:10:34] INFO: Aplicando plugin toObject...
[2025-03-15 17:10:34] INFO: Aplicando plugin de timestamps...
[2025-03-15 17:10:34] INFO: Aplicando plugin toJson...
[2025-03-15 17:10:34] INFO: Aplicando plugin toObject...
[2025-03-15 17:10:34] INFO: Aplicando plugin de timestamps...
[2025-03-15 17:10:34] INFO: Aplicando plugin toJson...
[2025-03-15 17:10:34] INFO: Aplicando plugin toObject...
[2025-03-15 17:10:35] INFO: Aplicando plugin de timestamps...
[2025-03-15 17:10:35] INFO: Aplicando plugin toJson...
[2025-03-15 17:10:35] INFO: Aplicando plugin toObject...
[2025-03-15 17:10:35] INFO: Aplicando plugin de timestamps...
[2025-03-15 17:10:35] INFO: Aplicando plugin toJson...
[2025-03-15 17:10:35] INFO: Aplicando plugin toObject...
[2025-03-15 17:10:35] INFO: Aplicando plugin de timestamps...
[2025-03-15 17:10:35] INFO: Aplicando plugin toJson...
[2025-03-15 17:10:35] INFO: Aplicando plugin toObject...
[2025-03-15 17:10:35] INFO: Aplicando plugin de timestamps...
[2025-03-15 17:10:35] INFO: Aplicando plugin toJson...
[2025-03-15 17:10:35] INFO: Aplicando plugin toObject...
[2025-03-15 17:10:35] INFO: Aplicando plugin de timestamps...
[2025-03-15 17:10:35] INFO: Aplicando plugin toJson...
[2025-03-15 17:10:35] INFO: Aplicando plugin toObject...
[2025-03-15 17:10:35] INFO: Aplicando plugin de timestamps...
[2025-03-15 17:10:35] INFO: Aplicando plugin toJson...
[2025-03-15 17:10:35] INFO: Aplicando plugin toObject...
[2025-03-15 17:10:35] INFO: Aplicando plugin de timestamps...
[2025-03-15 17:10:35] INFO: Aplicando plugin toJson...
[2025-03-15 17:10:35] INFO: Aplicando plugin toObject...
[2025-03-15 17:10:35] INFO: Aplicando plugin de timestamps...
[2025-03-15 17:10:35] INFO: Aplicando plugin toJson...
[2025-03-15 17:10:35] INFO: Aplicando plugin toObject...
[2025-03-15 17:10:35] INFO: Aplicando plugin de timestamps...
[2025-03-15 17:10:35] INFO: Aplicando plugin toJson...
[2025-03-15 17:10:35] INFO: Aplicando plugin toObject...
[2025-03-15 17:10:35] INFO: Conectado a la base de datos...!
[2025-03-15 17:11:17] INFO: Aplicando plugin de timestamps...
[2025-03-15 17:11:17] INFO: Aplicando plugin toJson...
[2025-03-15 17:11:17] INFO: Aplicando plugin toObject...
[2025-03-15 17:11:17] INFO: Aplicando plugin de timestamps...
[2025-03-15 17:11:17] INFO: Aplicando plugin toJson...
[2025-03-15 17:11:17] INFO: Aplicando plugin toObject...
[2025-03-15 17:11:17] INFO: Aplicando plugin de timestamps...
[2025-03-15 17:11:17] INFO: Aplicando plugin toJson...
[2025-03-15 17:11:17] INFO: Aplicando plugin toObject...
[2025-03-15 17:11:17] INFO: Aplicando plugin de timestamps...
[2025-03-15 17:11:17] INFO: Aplicando plugin toJson...
[2025-03-15 17:11:17] INFO: Aplicando plugin toObject...
[2025-03-15 17:11:17] INFO: Aplicando plugin de timestamps...
[2025-03-15 17:11:17] INFO: Aplicando plugin toJson...
[2025-03-15 17:11:17] INFO: Aplicando plugin toObject...
[2025-03-15 17:11:17] INFO: Aplicando plugin de timestamps...
[2025-03-15 17:11:17] INFO: Aplicando plugin toJson...
[2025-03-15 17:11:17] INFO: Aplicando plugin toObject...
[2025-03-15 17:11:17] INFO: Aplicando plugin de timestamps...
[2025-03-15 17:11:17] INFO: Aplicando plugin toJson...
[2025-03-15 17:11:17] INFO: Aplicando plugin toObject...
[2025-03-15 17:11:17] INFO: Aplicando plugin de timestamps...
[2025-03-15 17:11:17] INFO: Aplicando plugin toJson...
[2025-03-15 17:11:17] INFO: Aplicando plugin toObject...
[2025-03-15 17:11:17] INFO: Aplicando plugin de timestamps...
[2025-03-15 17:11:17] INFO: Aplicando plugin toJson...
[2025-03-15 17:11:17] INFO: Aplicando plugin toObject...
[2025-03-15 17:11:17] INFO: Aplicando plugin de timestamps...
[2025-03-15 17:11:17] INFO: Aplicando plugin toJson...
[2025-03-15 17:11:17] INFO: Aplicando plugin toObject...
[2025-03-15 17:11:17] INFO: Aplicando plugin de timestamps...
[2025-03-15 17:11:17] INFO: Aplicando plugin toJson...
[2025-03-15 17:11:17] INFO: Aplicando plugin toObject...
[2025-03-15 17:11:17] INFO: Aplicando plugin de timestamps...
[2025-03-15 17:11:17] INFO: Aplicando plugin toJson...
[2025-03-15 17:11:17] INFO: Aplicando plugin toObject...
[2025-03-15 17:11:17] INFO: Aplicando plugin de timestamps...
[2025-03-15 17:11:17] INFO: Aplicando plugin toJson...
[2025-03-15 17:11:17] INFO: Aplicando plugin toObject...
[2025-03-15 17:11:17] INFO: Aplicando plugin de timestamps...
[2025-03-15 17:11:17] INFO: Aplicando plugin toJson...
[2025-03-15 17:11:17] INFO: Aplicando plugin toObject...
[2025-03-15 17:11:18] INFO: Conectado a la base de datos...!
[2025-03-15 17:12:14] INFO: Aplicando plugin de timestamps...
[2025-03-15 17:12:14] INFO: Aplicando plugin toJson...
[2025-03-15 17:12:14] INFO: Aplicando plugin toObject...
[2025-03-15 17:12:14] INFO: Aplicando plugin de timestamps...
[2025-03-15 17:12:14] INFO: Aplicando plugin toJson...
[2025-03-15 17:12:14] INFO: Aplicando plugin toObject...
[2025-03-15 17:12:14] INFO: Aplicando plugin de timestamps...
[2025-03-15 17:12:14] INFO: Aplicando plugin toJson...
[2025-03-15 17:12:14] INFO: Aplicando plugin toObject...
[2025-03-15 17:12:15] INFO: Aplicando plugin de timestamps...
[2025-03-15 17:12:15] INFO: Aplicando plugin toJson...
[2025-03-15 17:12:15] INFO: Aplicando plugin toObject...
[2025-03-15 17:12:15] INFO: Aplicando plugin de timestamps...
[2025-03-15 17:12:15] INFO: Aplicando plugin toJson...
[2025-03-15 17:12:15] INFO: Aplicando plugin toObject...
[2025-03-15 17:12:15] INFO: Aplicando plugin de timestamps...
[2025-03-15 17:12:15] INFO: Aplicando plugin toJson...
[2025-03-15 17:12:15] INFO: Aplicando plugin toObject...
[2025-03-15 17:12:15] INFO: Aplicando plugin de timestamps...
[2025-03-15 17:12:15] INFO: Aplicando plugin toJson...
[2025-03-15 17:12:15] INFO: Aplicando plugin toObject...
[2025-03-15 17:12:15] INFO: Aplicando plugin de timestamps...
[2025-03-15 17:12:15] INFO: Aplicando plugin toJson...
[2025-03-15 17:12:15] INFO: Aplicando plugin toObject...
[2025-03-15 17:12:15] INFO: Aplicando plugin de timestamps...
[2025-03-15 17:12:15] INFO: Aplicando plugin toJson...
[2025-03-15 17:12:15] INFO: Aplicando plugin toObject...
[2025-03-15 17:12:15] INFO: Aplicando plugin de timestamps...
[2025-03-15 17:12:15] INFO: Aplicando plugin toJson...
[2025-03-15 17:12:15] INFO: Aplicando plugin toObject...
[2025-03-15 17:12:15] INFO: Aplicando plugin de timestamps...
[2025-03-15 17:12:15] INFO: Aplicando plugin toJson...
[2025-03-15 17:12:15] INFO: Aplicando plugin toObject...
[2025-03-15 17:12:15] INFO: Aplicando plugin de timestamps...
[2025-03-15 17:12:15] INFO: Aplicando plugin toJson...
[2025-03-15 17:12:15] INFO: Aplicando plugin toObject...
[2025-03-15 17:12:15] INFO: Aplicando plugin de timestamps...
[2025-03-15 17:12:15] INFO: Aplicando plugin toJson...
[2025-03-15 17:12:15] INFO: Aplicando plugin toObject...
[2025-03-15 17:12:15] INFO: Aplicando plugin de timestamps...
[2025-03-15 17:12:15] INFO: Aplicando plugin toJson...
[2025-03-15 17:12:15] INFO: Aplicando plugin toObject...
[2025-03-15 17:12:15] INFO: Conectado a la base de datos...!
[2025-03-15 17:12:35] INFO: Aplicando plugin de timestamps...
[2025-03-15 17:12:35] INFO: Aplicando plugin toJson...
[2025-03-15 17:12:35] INFO: Aplicando plugin toObject...
[2025-03-15 17:12:35] INFO: Aplicando plugin de timestamps...
[2025-03-15 17:12:35] INFO: Aplicando plugin toJson...
[2025-03-15 17:12:35] INFO: Aplicando plugin toObject...
[2025-03-15 17:12:35] INFO: Aplicando plugin de timestamps...
[2025-03-15 17:12:35] INFO: Aplicando plugin toJson...
[2025-03-15 17:12:35] INFO: Aplicando plugin toObject...
[2025-03-15 17:12:35] INFO: Aplicando plugin de timestamps...
[2025-03-15 17:12:35] INFO: Aplicando plugin toJson...
[2025-03-15 17:12:35] INFO: Aplicando plugin toObject...
[2025-03-15 17:12:35] INFO: Aplicando plugin de timestamps...
[2025-03-15 17:12:35] INFO: Aplicando plugin toJson...
[2025-03-15 17:12:35] INFO: Aplicando plugin toObject...
[2025-03-15 17:12:35] INFO: Aplicando plugin de timestamps...
[2025-03-15 17:12:35] INFO: Aplicando plugin toJson...
[2025-03-15 17:12:35] INFO: Aplicando plugin toObject...
[2025-03-15 17:12:35] INFO: Aplicando plugin de timestamps...
[2025-03-15 17:12:35] INFO: Aplicando plugin toJson...
[2025-03-15 17:12:35] INFO: Aplicando plugin toObject...
[2025-03-15 17:12:35] INFO: Aplicando plugin de timestamps...
[2025-03-15 17:12:35] INFO: Aplicando plugin toJson...
[2025-03-15 17:12:35] INFO: Aplicando plugin toObject...
[2025-03-15 17:12:35] INFO: Aplicando plugin de timestamps...
[2025-03-15 17:12:35] INFO: Aplicando plugin toJson...
[2025-03-15 17:12:35] INFO: Aplicando plugin toObject...
[2025-03-15 17:12:35] INFO: Aplicando plugin de timestamps...
[2025-03-15 17:12:35] INFO: Aplicando plugin toJson...
[2025-03-15 17:12:35] INFO: Aplicando plugin toObject...
[2025-03-15 17:12:35] INFO: Aplicando plugin de timestamps...
[2025-03-15 17:12:35] INFO: Aplicando plugin toJson...
[2025-03-15 17:12:35] INFO: Aplicando plugin toObject...
[2025-03-15 17:12:35] INFO: Aplicando plugin de timestamps...
[2025-03-15 17:12:35] INFO: Aplicando plugin toJson...
[2025-03-15 17:12:35] INFO: Aplicando plugin toObject...
[2025-03-15 17:12:35] INFO: Aplicando plugin de timestamps...
[2025-03-15 17:12:35] INFO: Aplicando plugin toJson...
[2025-03-15 17:12:35] INFO: Aplicando plugin toObject...
[2025-03-15 17:12:35] INFO: Aplicando plugin de timestamps...
[2025-03-15 17:12:35] INFO: Aplicando plugin toJson...
[2025-03-15 17:12:35] INFO: Aplicando plugin toObject...
[2025-03-15 17:12:36] INFO: Conectado a la base de datos...!
[2025-03-15 17:17:16] INFO: Aplicando plugin de timestamps...
[2025-03-15 17:17:16] INFO: Aplicando plugin toJson...
[2025-03-15 17:17:16] INFO: Aplicando plugin toObject...
[2025-03-15 17:17:16] INFO: Aplicando plugin de timestamps...
[2025-03-15 17:17:16] INFO: Aplicando plugin toJson...
[2025-03-15 17:17:16] INFO: Aplicando plugin toObject...
[2025-03-15 17:17:16] INFO: Aplicando plugin de timestamps...
[2025-03-15 17:17:16] INFO: Aplicando plugin toJson...
[2025-03-15 17:17:16] INFO: Aplicando plugin toObject...
[2025-03-15 17:17:16] INFO: Aplicando plugin de timestamps...
[2025-03-15 17:17:16] INFO: Aplicando plugin toJson...
[2025-03-15 17:17:16] INFO: Aplicando plugin toObject...
[2025-03-15 17:17:16] INFO: Aplicando plugin de timestamps...
[2025-03-15 17:17:16] INFO: Aplicando plugin toJson...
[2025-03-15 17:17:16] INFO: Aplicando plugin toObject...
[2025-03-15 17:17:16] INFO: Aplicando plugin de timestamps...
[2025-03-15 17:17:16] INFO: Aplicando plugin toJson...
[2025-03-15 17:17:16] INFO: Aplicando plugin toObject...
[2025-03-15 17:17:16] INFO: Aplicando plugin de timestamps...
[2025-03-15 17:17:16] INFO: Aplicando plugin toJson...
[2025-03-15 17:17:16] INFO: Aplicando plugin toObject...
[2025-03-15 17:17:16] INFO: Aplicando plugin de timestamps...
[2025-03-15 17:17:16] INFO: Aplicando plugin toJson...
[2025-03-15 17:17:16] INFO: Aplicando plugin toObject...
[2025-03-15 17:17:16] INFO: Aplicando plugin de timestamps...
[2025-03-15 17:17:16] INFO: Aplicando plugin toJson...
[2025-03-15 17:17:16] INFO: Aplicando plugin toObject...
[2025-03-15 17:17:16] INFO: Aplicando plugin de timestamps...
[2025-03-15 17:17:16] INFO: Aplicando plugin toJson...
[2025-03-15 17:17:16] INFO: Aplicando plugin toObject...
[2025-03-15 17:17:16] INFO: Aplicando plugin de timestamps...
[2025-03-15 17:17:16] INFO: Aplicando plugin toJson...
[2025-03-15 17:17:16] INFO: Aplicando plugin toObject...
[2025-03-15 17:17:16] INFO: Aplicando plugin de timestamps...
[2025-03-15 17:17:16] INFO: Aplicando plugin toJson...
[2025-03-15 17:17:16] INFO: Aplicando plugin toObject...
[2025-03-15 17:17:16] INFO: Aplicando plugin de timestamps...
[2025-03-15 17:17:16] INFO: Aplicando plugin toJson...
[2025-03-15 17:17:16] INFO: Aplicando plugin toObject...
[2025-03-15 17:17:16] INFO: Aplicando plugin de timestamps...
[2025-03-15 17:17:16] INFO: Aplicando plugin toJson...
[2025-03-15 17:17:16] INFO: Aplicando plugin toObject...
[2025-03-15 17:17:16] INFO: Conectado a la base de datos...!
[2025-03-15 17:18:40] INFO: Aplicando plugin de timestamps...
[2025-03-15 17:18:40] INFO: Aplicando plugin toJson...
[2025-03-15 17:18:40] INFO: Aplicando plugin toObject...
[2025-03-15 17:18:40] INFO: Aplicando plugin de timestamps...
[2025-03-15 17:18:40] INFO: Aplicando plugin toJson...
[2025-03-15 17:18:40] INFO: Aplicando plugin toObject...
[2025-03-15 17:18:40] INFO: Aplicando plugin de timestamps...
[2025-03-15 17:18:40] INFO: Aplicando plugin toJson...
[2025-03-15 17:18:40] INFO: Aplicando plugin toObject...
[2025-03-15 17:18:40] INFO: Aplicando plugin de timestamps...
[2025-03-15 17:18:40] INFO: Aplicando plugin toJson...
[2025-03-15 17:18:40] INFO: Aplicando plugin toObject...
[2025-03-15 17:18:40] INFO: Aplicando plugin de timestamps...
[2025-03-15 17:18:40] INFO: Aplicando plugin toJson...
[2025-03-15 17:18:40] INFO: Aplicando plugin toObject...
[2025-03-15 17:18:40] INFO: Aplicando plugin de timestamps...
[2025-03-15 17:18:40] INFO: Aplicando plugin toJson...
[2025-03-15 17:18:40] INFO: Aplicando plugin toObject...
[2025-03-15 17:18:40] INFO: Aplicando plugin de timestamps...
[2025-03-15 17:18:40] INFO: Aplicando plugin toJson...
[2025-03-15 17:18:40] INFO: Aplicando plugin toObject...
[2025-03-15 17:18:40] INFO: Aplicando plugin de timestamps...
[2025-03-15 17:18:40] INFO: Aplicando plugin toJson...
[2025-03-15 17:18:40] INFO: Aplicando plugin toObject...
[2025-03-15 17:18:40] INFO: Aplicando plugin de timestamps...
[2025-03-15 17:18:40] INFO: Aplicando plugin toJson...
[2025-03-15 17:18:40] INFO: Aplicando plugin toObject...
[2025-03-15 17:18:40] INFO: Aplicando plugin de timestamps...
[2025-03-15 17:18:40] INFO: Aplicando plugin toJson...
[2025-03-15 17:18:40] INFO: Aplicando plugin toObject...
[2025-03-15 17:18:40] INFO: Aplicando plugin de timestamps...
[2025-03-15 17:18:40] INFO: Aplicando plugin toJson...
[2025-03-15 17:18:40] INFO: Aplicando plugin toObject...
[2025-03-15 17:18:40] INFO: Aplicando plugin de timestamps...
[2025-03-15 17:18:40] INFO: Aplicando plugin toJson...
[2025-03-15 17:18:40] INFO: Aplicando plugin toObject...
[2025-03-15 17:18:40] INFO: Aplicando plugin de timestamps...
[2025-03-15 17:18:40] INFO: Aplicando plugin toJson...
[2025-03-15 17:18:40] INFO: Aplicando plugin toObject...
[2025-03-15 17:18:40] INFO: Aplicando plugin de timestamps...
[2025-03-15 17:18:40] INFO: Aplicando plugin toJson...
[2025-03-15 17:18:40] INFO: Aplicando plugin toObject...
[2025-03-15 17:18:41] INFO: Conectado a la base de datos...!
[2025-03-15 17:19:11] INFO: Generated token: eyJhbGciOiJIUzI1NiIsInR5cCI6IkpXVCJ9.eyJ1c2VySWQiOiI2N2Q1Y2Q1YTdhMDRmODRlYWYwNWUzODAiLCJyb2xlIjoiZGV2IiwiZW5hYmxlZCI6dHJ1ZSwiaWF0IjoxNzQyMDY5OTUxLCJleHAiOjE3NDIwNzM1NTF9.Zpg8HqjeH7blFXuGi9yYq8LrYz0QsRxzbUj0nb77arQ
[2025-03-15 17:22:06] INFO: Aplicando plugin de timestamps...
[2025-03-15 17:22:06] INFO: Aplicando plugin toJson...
[2025-03-15 17:22:06] INFO: Aplicando plugin toObject...
[2025-03-15 17:22:06] INFO: Aplicando plugin de timestamps...
[2025-03-15 17:22:06] INFO: Aplicando plugin toJson...
[2025-03-15 17:22:06] INFO: Aplicando plugin toObject...
[2025-03-15 17:22:06] INFO: Aplicando plugin de timestamps...
[2025-03-15 17:22:06] INFO: Aplicando plugin toJson...
[2025-03-15 17:22:06] INFO: Aplicando plugin toObject...
[2025-03-15 17:22:06] INFO: Aplicando plugin de timestamps...
[2025-03-15 17:22:06] INFO: Aplicando plugin toJson...
[2025-03-15 17:22:06] INFO: Aplicando plugin toObject...
[2025-03-15 17:22:06] INFO: Aplicando plugin de timestamps...
[2025-03-15 17:22:06] INFO: Aplicando plugin toJson...
[2025-03-15 17:22:06] INFO: Aplicando plugin toObject...
[2025-03-15 17:22:06] INFO: Aplicando plugin de timestamps...
[2025-03-15 17:22:06] INFO: Aplicando plugin toJson...
[2025-03-15 17:22:06] INFO: Aplicando plugin toObject...
[2025-03-15 17:22:06] INFO: Aplicando plugin de timestamps...
[2025-03-15 17:22:06] INFO: Aplicando plugin toJson...
[2025-03-15 17:22:06] INFO: Aplicando plugin toObject...
[2025-03-15 17:22:06] INFO: Aplicando plugin de timestamps...
[2025-03-15 17:22:06] INFO: Aplicando plugin toJson...
[2025-03-15 17:22:06] INFO: Aplicando plugin toObject...
[2025-03-15 17:22:06] INFO: Aplicando plugin de timestamps...
[2025-03-15 17:22:06] INFO: Aplicando plugin toJson...
[2025-03-15 17:22:06] INFO: Aplicando plugin toObject...
[2025-03-15 17:22:06] INFO: Aplicando plugin de timestamps...
[2025-03-15 17:22:06] INFO: Aplicando plugin toJson...
[2025-03-15 17:22:06] INFO: Aplicando plugin toObject...
[2025-03-15 17:22:06] INFO: Aplicando plugin de timestamps...
[2025-03-15 17:22:06] INFO: Aplicando plugin toJson...
[2025-03-15 17:22:06] INFO: Aplicando plugin toObject...
[2025-03-15 17:22:06] INFO: Aplicando plugin de timestamps...
[2025-03-15 17:22:06] INFO: Aplicando plugin toJson...
[2025-03-15 17:22:06] INFO: Aplicando plugin toObject...
[2025-03-15 17:22:06] INFO: Aplicando plugin de timestamps...
[2025-03-15 17:22:06] INFO: Aplicando plugin toJson...
[2025-03-15 17:22:06] INFO: Aplicando plugin toObject...
[2025-03-15 17:22:06] INFO: Aplicando plugin de timestamps...
[2025-03-15 17:22:06] INFO: Aplicando plugin toJson...
[2025-03-15 17:22:06] INFO: Aplicando plugin toObject...
[2025-03-15 17:22:07] INFO: Conectado a la base de datos...!
[2025-03-15 17:22:59] INFO: Aplicando plugin de timestamps...
[2025-03-15 17:22:59] INFO: Aplicando plugin toJson...
[2025-03-15 17:22:59] INFO: Aplicando plugin toObject...
[2025-03-15 17:22:59] INFO: Aplicando plugin de timestamps...
[2025-03-15 17:22:59] INFO: Aplicando plugin toJson...
[2025-03-15 17:22:59] INFO: Aplicando plugin toObject...
[2025-03-15 17:22:59] INFO: Aplicando plugin de timestamps...
[2025-03-15 17:22:59] INFO: Aplicando plugin toJson...
[2025-03-15 17:22:59] INFO: Aplicando plugin toObject...
[2025-03-15 17:22:59] INFO: Aplicando plugin de timestamps...
[2025-03-15 17:22:59] INFO: Aplicando plugin toJson...
[2025-03-15 17:22:59] INFO: Aplicando plugin toObject...
[2025-03-15 17:22:59] INFO: Aplicando plugin de timestamps...
[2025-03-15 17:22:59] INFO: Aplicando plugin toJson...
[2025-03-15 17:22:59] INFO: Aplicando plugin toObject...
[2025-03-15 17:22:59] INFO: Aplicando plugin de timestamps...
[2025-03-15 17:22:59] INFO: Aplicando plugin toJson...
[2025-03-15 17:22:59] INFO: Aplicando plugin toObject...
[2025-03-15 17:22:59] INFO: Aplicando plugin de timestamps...
[2025-03-15 17:22:59] INFO: Aplicando plugin toJson...
[2025-03-15 17:22:59] INFO: Aplicando plugin toObject...
[2025-03-15 17:22:59] INFO: Aplicando plugin de timestamps...
[2025-03-15 17:22:59] INFO: Aplicando plugin toJson...
[2025-03-15 17:22:59] INFO: Aplicando plugin toObject...
[2025-03-15 17:22:59] INFO: Aplicando plugin de timestamps...
[2025-03-15 17:22:59] INFO: Aplicando plugin toJson...
[2025-03-15 17:22:59] INFO: Aplicando plugin toObject...
[2025-03-15 17:22:59] INFO: Aplicando plugin de timestamps...
[2025-03-15 17:22:59] INFO: Aplicando plugin toJson...
[2025-03-15 17:22:59] INFO: Aplicando plugin toObject...
[2025-03-15 17:22:59] INFO: Aplicando plugin de timestamps...
[2025-03-15 17:22:59] INFO: Aplicando plugin toJson...
[2025-03-15 17:22:59] INFO: Aplicando plugin toObject...
[2025-03-15 17:22:59] INFO: Aplicando plugin de timestamps...
[2025-03-15 17:22:59] INFO: Aplicando plugin toJson...
[2025-03-15 17:22:59] INFO: Aplicando plugin toObject...
[2025-03-15 17:22:59] INFO: Aplicando plugin de timestamps...
[2025-03-15 17:22:59] INFO: Aplicando plugin toJson...
[2025-03-15 17:22:59] INFO: Aplicando plugin toObject...
[2025-03-15 17:22:59] INFO: Aplicando plugin de timestamps...
[2025-03-15 17:22:59] INFO: Aplicando plugin toJson...
[2025-03-15 17:22:59] INFO: Aplicando plugin toObject...
[2025-03-15 17:22:59] INFO: Conectado a la base de datos...!
[2025-03-15 17:24:38] INFO: Aplicando plugin de timestamps...
[2025-03-15 17:24:38] INFO: Aplicando plugin toJson...
[2025-03-15 17:24:38] INFO: Aplicando plugin toObject...
[2025-03-15 17:24:38] INFO: Aplicando plugin de timestamps...
[2025-03-15 17:24:38] INFO: Aplicando plugin toJson...
[2025-03-15 17:24:38] INFO: Aplicando plugin toObject...
[2025-03-15 17:24:38] INFO: Aplicando plugin de timestamps...
[2025-03-15 17:24:38] INFO: Aplicando plugin toJson...
[2025-03-15 17:24:38] INFO: Aplicando plugin toObject...
[2025-03-15 17:24:38] INFO: Aplicando plugin de timestamps...
[2025-03-15 17:24:38] INFO: Aplicando plugin toJson...
[2025-03-15 17:24:38] INFO: Aplicando plugin toObject...
[2025-03-15 17:24:38] INFO: Aplicando plugin de timestamps...
[2025-03-15 17:24:38] INFO: Aplicando plugin toJson...
[2025-03-15 17:24:38] INFO: Aplicando plugin toObject...
[2025-03-15 17:24:38] INFO: Aplicando plugin de timestamps...
[2025-03-15 17:24:38] INFO: Aplicando plugin toJson...
[2025-03-15 17:24:38] INFO: Aplicando plugin toObject...
[2025-03-15 17:24:38] INFO: Aplicando plugin de timestamps...
[2025-03-15 17:24:38] INFO: Aplicando plugin toJson...
[2025-03-15 17:24:38] INFO: Aplicando plugin toObject...
[2025-03-15 17:24:38] INFO: Aplicando plugin de timestamps...
[2025-03-15 17:24:38] INFO: Aplicando plugin toJson...
[2025-03-15 17:24:38] INFO: Aplicando plugin toObject...
[2025-03-15 17:24:38] INFO: Aplicando plugin de timestamps...
[2025-03-15 17:24:38] INFO: Aplicando plugin toJson...
[2025-03-15 17:24:38] INFO: Aplicando plugin toObject...
[2025-03-15 17:24:38] INFO: Aplicando plugin de timestamps...
[2025-03-15 17:24:38] INFO: Aplicando plugin toJson...
[2025-03-15 17:24:38] INFO: Aplicando plugin toObject...
[2025-03-15 17:24:38] INFO: Aplicando plugin de timestamps...
[2025-03-15 17:24:38] INFO: Aplicando plugin toJson...
[2025-03-15 17:24:38] INFO: Aplicando plugin toObject...
[2025-03-15 17:24:38] INFO: Aplicando plugin de timestamps...
[2025-03-15 17:24:38] INFO: Aplicando plugin toJson...
[2025-03-15 17:24:38] INFO: Aplicando plugin toObject...
[2025-03-15 17:24:38] INFO: Aplicando plugin de timestamps...
[2025-03-15 17:24:38] INFO: Aplicando plugin toJson...
[2025-03-15 17:24:38] INFO: Aplicando plugin toObject...
[2025-03-15 17:24:38] INFO: Aplicando plugin de timestamps...
[2025-03-15 17:24:38] INFO: Aplicando plugin toJson...
[2025-03-15 17:24:38] INFO: Aplicando plugin toObject...
[2025-03-15 17:24:38] INFO: Conectado a la base de datos...!
[2025-03-15 17:27:47] INFO: Aplicando plugin de timestamps...
[2025-03-15 17:27:47] INFO: Aplicando plugin toJson...
[2025-03-15 17:27:47] INFO: Aplicando plugin toObject...
[2025-03-15 17:27:47] INFO: Aplicando plugin de timestamps...
[2025-03-15 17:27:47] INFO: Aplicando plugin toJson...
[2025-03-15 17:27:47] INFO: Aplicando plugin toObject...
[2025-03-15 17:27:47] INFO: Aplicando plugin de timestamps...
[2025-03-15 17:27:47] INFO: Aplicando plugin toJson...
[2025-03-15 17:27:47] INFO: Aplicando plugin toObject...
[2025-03-15 17:27:47] INFO: Aplicando plugin de timestamps...
[2025-03-15 17:27:47] INFO: Aplicando plugin toJson...
[2025-03-15 17:27:47] INFO: Aplicando plugin toObject...
[2025-03-15 17:27:47] INFO: Aplicando plugin de timestamps...
[2025-03-15 17:27:47] INFO: Aplicando plugin toJson...
[2025-03-15 17:27:47] INFO: Aplicando plugin toObject...
[2025-03-15 17:27:47] INFO: Aplicando plugin de timestamps...
[2025-03-15 17:27:47] INFO: Aplicando plugin toJson...
[2025-03-15 17:27:47] INFO: Aplicando plugin toObject...
[2025-03-15 17:27:47] INFO: Aplicando plugin de timestamps...
[2025-03-15 17:27:47] INFO: Aplicando plugin toJson...
[2025-03-15 17:27:47] INFO: Aplicando plugin toObject...
[2025-03-15 17:27:47] INFO: Aplicando plugin de timestamps...
[2025-03-15 17:27:47] INFO: Aplicando plugin toJson...
[2025-03-15 17:27:47] INFO: Aplicando plugin toObject...
[2025-03-15 17:27:47] INFO: Aplicando plugin de timestamps...
[2025-03-15 17:27:47] INFO: Aplicando plugin toJson...
[2025-03-15 17:27:47] INFO: Aplicando plugin toObject...
[2025-03-15 17:27:47] INFO: Aplicando plugin de timestamps...
[2025-03-15 17:27:47] INFO: Aplicando plugin toJson...
[2025-03-15 17:27:47] INFO: Aplicando plugin toObject...
[2025-03-15 17:27:47] INFO: Aplicando plugin de timestamps...
[2025-03-15 17:27:47] INFO: Aplicando plugin toJson...
[2025-03-15 17:27:47] INFO: Aplicando plugin toObject...
[2025-03-15 17:27:47] INFO: Aplicando plugin de timestamps...
[2025-03-15 17:27:47] INFO: Aplicando plugin toJson...
[2025-03-15 17:27:47] INFO: Aplicando plugin toObject...
[2025-03-15 17:27:47] INFO: Aplicando plugin de timestamps...
[2025-03-15 17:27:47] INFO: Aplicando plugin toJson...
[2025-03-15 17:27:47] INFO: Aplicando plugin toObject...
[2025-03-15 17:27:47] INFO: Aplicando plugin de timestamps...
[2025-03-15 17:27:47] INFO: Aplicando plugin toJson...
[2025-03-15 17:27:47] INFO: Aplicando plugin toObject...
[2025-03-15 17:27:47] INFO: Conectado a la base de datos...!
[2025-03-15 17:29:49] INFO: Aplicando plugin de timestamps...
[2025-03-15 17:29:49] INFO: Aplicando plugin toJson...
[2025-03-15 17:29:49] INFO: Aplicando plugin toObject...
[2025-03-15 17:29:49] INFO: Aplicando plugin de timestamps...
[2025-03-15 17:29:49] INFO: Aplicando plugin toJson...
[2025-03-15 17:29:49] INFO: Aplicando plugin toObject...
[2025-03-15 17:29:49] INFO: Aplicando plugin de timestamps...
[2025-03-15 17:29:49] INFO: Aplicando plugin toJson...
[2025-03-15 17:29:49] INFO: Aplicando plugin toObject...
[2025-03-15 17:29:49] INFO: Aplicando plugin de timestamps...
[2025-03-15 17:29:49] INFO: Aplicando plugin toJson...
[2025-03-15 17:29:49] INFO: Aplicando plugin toObject...
[2025-03-15 17:29:49] INFO: Aplicando plugin de timestamps...
[2025-03-15 17:29:49] INFO: Aplicando plugin toJson...
[2025-03-15 17:29:49] INFO: Aplicando plugin toObject...
[2025-03-15 17:29:49] INFO: Aplicando plugin de timestamps...
[2025-03-15 17:29:49] INFO: Aplicando plugin toJson...
[2025-03-15 17:29:49] INFO: Aplicando plugin toObject...
[2025-03-15 17:29:49] INFO: Aplicando plugin de timestamps...
[2025-03-15 17:29:49] INFO: Aplicando plugin toJson...
[2025-03-15 17:29:49] INFO: Aplicando plugin toObject...
[2025-03-15 17:29:49] INFO: Aplicando plugin de timestamps...
[2025-03-15 17:29:49] INFO: Aplicando plugin toJson...
[2025-03-15 17:29:49] INFO: Aplicando plugin toObject...
[2025-03-15 17:29:49] INFO: Aplicando plugin de timestamps...
[2025-03-15 17:29:49] INFO: Aplicando plugin toJson...
[2025-03-15 17:29:49] INFO: Aplicando plugin toObject...
[2025-03-15 17:29:49] INFO: Aplicando plugin de timestamps...
[2025-03-15 17:29:49] INFO: Aplicando plugin toJson...
[2025-03-15 17:29:49] INFO: Aplicando plugin toObject...
[2025-03-15 17:29:49] INFO: Aplicando plugin de timestamps...
[2025-03-15 17:29:49] INFO: Aplicando plugin toJson...
[2025-03-15 17:29:49] INFO: Aplicando plugin toObject...
[2025-03-15 17:29:49] INFO: Aplicando plugin de timestamps...
[2025-03-15 17:29:49] INFO: Aplicando plugin toJson...
[2025-03-15 17:29:49] INFO: Aplicando plugin toObject...
[2025-03-15 17:29:49] INFO: Aplicando plugin de timestamps...
[2025-03-15 17:29:49] INFO: Aplicando plugin toJson...
[2025-03-15 17:29:49] INFO: Aplicando plugin toObject...
[2025-03-15 17:29:49] INFO: Aplicando plugin de timestamps...
[2025-03-15 17:29:49] INFO: Aplicando plugin toJson...
[2025-03-15 17:29:49] INFO: Aplicando plugin toObject...
[2025-03-15 17:29:49] INFO: Conectado a la base de datos...!
[2025-03-15 17:31:34] INFO: Aplicando plugin de timestamps...
[2025-03-15 17:31:34] INFO: Aplicando plugin toJson...
[2025-03-15 17:31:34] INFO: Aplicando plugin toObject...
[2025-03-15 17:31:34] INFO: Aplicando plugin de timestamps...
[2025-03-15 17:31:34] INFO: Aplicando plugin toJson...
[2025-03-15 17:31:34] INFO: Aplicando plugin toObject...
[2025-03-15 17:31:34] INFO: Aplicando plugin de timestamps...
[2025-03-15 17:31:34] INFO: Aplicando plugin toJson...
[2025-03-15 17:31:34] INFO: Aplicando plugin toObject...
[2025-03-15 17:31:34] INFO: Aplicando plugin de timestamps...
[2025-03-15 17:31:34] INFO: Aplicando plugin toJson...
[2025-03-15 17:31:34] INFO: Aplicando plugin toObject...
[2025-03-15 17:31:34] INFO: Aplicando plugin de timestamps...
[2025-03-15 17:31:34] INFO: Aplicando plugin toJson...
[2025-03-15 17:31:34] INFO: Aplicando plugin toObject...
[2025-03-15 17:31:34] INFO: Aplicando plugin de timestamps...
[2025-03-15 17:31:34] INFO: Aplicando plugin toJson...
[2025-03-15 17:31:34] INFO: Aplicando plugin toObject...
[2025-03-15 17:31:34] INFO: Aplicando plugin de timestamps...
[2025-03-15 17:31:34] INFO: Aplicando plugin toJson...
[2025-03-15 17:31:34] INFO: Aplicando plugin toObject...
[2025-03-15 17:31:34] INFO: Aplicando plugin de timestamps...
[2025-03-15 17:31:34] INFO: Aplicando plugin toJson...
[2025-03-15 17:31:34] INFO: Aplicando plugin toObject...
[2025-03-15 17:31:34] INFO: Aplicando plugin de timestamps...
[2025-03-15 17:31:34] INFO: Aplicando plugin toJson...
[2025-03-15 17:31:34] INFO: Aplicando plugin toObject...
[2025-03-15 17:31:34] INFO: Aplicando plugin de timestamps...
[2025-03-15 17:31:34] INFO: Aplicando plugin toJson...
[2025-03-15 17:31:34] INFO: Aplicando plugin toObject...
[2025-03-15 17:31:34] INFO: Aplicando plugin de timestamps...
[2025-03-15 17:31:34] INFO: Aplicando plugin toJson...
[2025-03-15 17:31:34] INFO: Aplicando plugin toObject...
[2025-03-15 17:31:34] INFO: Aplicando plugin de timestamps...
[2025-03-15 17:31:34] INFO: Aplicando plugin toJson...
[2025-03-15 17:31:34] INFO: Aplicando plugin toObject...
[2025-03-15 17:31:34] INFO: Aplicando plugin de timestamps...
[2025-03-15 17:31:34] INFO: Aplicando plugin toJson...
[2025-03-15 17:31:34] INFO: Aplicando plugin toObject...
[2025-03-15 17:31:34] INFO: Aplicando plugin de timestamps...
[2025-03-15 17:31:34] INFO: Aplicando plugin toJson...
[2025-03-15 17:31:34] INFO: Aplicando plugin toObject...
[2025-03-15 17:31:34] INFO: Conectado a la base de datos...!
[2025-03-15 17:32:28] INFO: Aplicando plugin de timestamps...
[2025-03-15 17:32:28] INFO: Aplicando plugin toJson...
[2025-03-15 17:32:28] INFO: Aplicando plugin toObject...
[2025-03-15 17:32:28] INFO: Aplicando plugin de timestamps...
[2025-03-15 17:32:28] INFO: Aplicando plugin toJson...
[2025-03-15 17:32:28] INFO: Aplicando plugin toObject...
[2025-03-15 17:32:28] INFO: Aplicando plugin de timestamps...
[2025-03-15 17:32:28] INFO: Aplicando plugin toJson...
[2025-03-15 17:32:28] INFO: Aplicando plugin toObject...
[2025-03-15 17:32:28] INFO: Aplicando plugin de timestamps...
[2025-03-15 17:32:28] INFO: Aplicando plugin toJson...
[2025-03-15 17:32:28] INFO: Aplicando plugin toObject...
[2025-03-15 17:32:28] INFO: Aplicando plugin de timestamps...
[2025-03-15 17:32:28] INFO: Aplicando plugin toJson...
[2025-03-15 17:32:28] INFO: Aplicando plugin toObject...
[2025-03-15 17:32:28] INFO: Aplicando plugin de timestamps...
[2025-03-15 17:32:28] INFO: Aplicando plugin toJson...
[2025-03-15 17:32:28] INFO: Aplicando plugin toObject...
[2025-03-15 17:32:28] INFO: Aplicando plugin de timestamps...
[2025-03-15 17:32:28] INFO: Aplicando plugin toJson...
[2025-03-15 17:32:28] INFO: Aplicando plugin toObject...
[2025-03-15 17:32:28] INFO: Aplicando plugin de timestamps...
[2025-03-15 17:32:28] INFO: Aplicando plugin toJson...
[2025-03-15 17:32:28] INFO: Aplicando plugin toObject...
[2025-03-15 17:32:28] INFO: Aplicando plugin de timestamps...
[2025-03-15 17:32:28] INFO: Aplicando plugin toJson...
[2025-03-15 17:32:28] INFO: Aplicando plugin toObject...
[2025-03-15 17:32:28] INFO: Aplicando plugin de timestamps...
[2025-03-15 17:32:28] INFO: Aplicando plugin toJson...
[2025-03-15 17:32:28] INFO: Aplicando plugin toObject...
[2025-03-15 17:32:28] INFO: Aplicando plugin de timestamps...
[2025-03-15 17:32:28] INFO: Aplicando plugin toJson...
[2025-03-15 17:32:28] INFO: Aplicando plugin toObject...
[2025-03-15 17:32:28] INFO: Aplicando plugin de timestamps...
[2025-03-15 17:32:28] INFO: Aplicando plugin toJson...
[2025-03-15 17:32:28] INFO: Aplicando plugin toObject...
[2025-03-15 17:32:28] INFO: Aplicando plugin de timestamps...
[2025-03-15 17:32:28] INFO: Aplicando plugin toJson...
[2025-03-15 17:32:28] INFO: Aplicando plugin toObject...
[2025-03-15 17:32:28] INFO: Aplicando plugin de timestamps...
[2025-03-15 17:32:28] INFO: Aplicando plugin toJson...
[2025-03-15 17:32:28] INFO: Aplicando plugin toObject...
[2025-03-15 17:32:28] INFO: Conectado a la base de datos...!
[2025-03-15 17:32:38] INFO: Aplicando plugin de timestamps...
[2025-03-15 17:32:38] INFO: Aplicando plugin toJson...
[2025-03-15 17:32:38] INFO: Aplicando plugin toObject...
[2025-03-15 17:32:38] INFO: Aplicando plugin de timestamps...
[2025-03-15 17:32:38] INFO: Aplicando plugin toJson...
[2025-03-15 17:32:38] INFO: Aplicando plugin toObject...
[2025-03-15 17:32:38] INFO: Aplicando plugin de timestamps...
[2025-03-15 17:32:38] INFO: Aplicando plugin toJson...
[2025-03-15 17:32:38] INFO: Aplicando plugin toObject...
[2025-03-15 17:32:38] INFO: Aplicando plugin de timestamps...
[2025-03-15 17:32:38] INFO: Aplicando plugin toJson...
[2025-03-15 17:32:38] INFO: Aplicando plugin toObject...
[2025-03-15 17:32:38] INFO: Aplicando plugin de timestamps...
[2025-03-15 17:32:38] INFO: Aplicando plugin toJson...
[2025-03-15 17:32:38] INFO: Aplicando plugin toObject...
[2025-03-15 17:32:38] INFO: Aplicando plugin de timestamps...
[2025-03-15 17:32:38] INFO: Aplicando plugin toJson...
[2025-03-15 17:32:38] INFO: Aplicando plugin toObject...
[2025-03-15 17:32:38] INFO: Aplicando plugin de timestamps...
[2025-03-15 17:32:38] INFO: Aplicando plugin toJson...
[2025-03-15 17:32:38] INFO: Aplicando plugin toObject...
[2025-03-15 17:32:38] INFO: Aplicando plugin de timestamps...
[2025-03-15 17:32:38] INFO: Aplicando plugin toJson...
[2025-03-15 17:32:38] INFO: Aplicando plugin toObject...
[2025-03-15 17:32:38] INFO: Aplicando plugin de timestamps...
[2025-03-15 17:32:38] INFO: Aplicando plugin toJson...
[2025-03-15 17:32:38] INFO: Aplicando plugin toObject...
[2025-03-15 17:32:38] INFO: Aplicando plugin de timestamps...
[2025-03-15 17:32:38] INFO: Aplicando plugin toJson...
[2025-03-15 17:32:38] INFO: Aplicando plugin toObject...
[2025-03-15 17:32:38] INFO: Aplicando plugin de timestamps...
[2025-03-15 17:32:38] INFO: Aplicando plugin toJson...
[2025-03-15 17:32:38] INFO: Aplicando plugin toObject...
[2025-03-15 17:32:38] INFO: Aplicando plugin de timestamps...
[2025-03-15 17:32:38] INFO: Aplicando plugin toJson...
[2025-03-15 17:32:38] INFO: Aplicando plugin toObject...
[2025-03-15 17:32:38] INFO: Aplicando plugin de timestamps...
[2025-03-15 17:32:38] INFO: Aplicando plugin toJson...
[2025-03-15 17:32:38] INFO: Aplicando plugin toObject...
[2025-03-15 17:32:38] INFO: Aplicando plugin de timestamps...
[2025-03-15 17:32:38] INFO: Aplicando plugin toJson...
[2025-03-15 17:32:38] INFO: Aplicando plugin toObject...
[2025-03-15 17:32:38] INFO: Conectado a la base de datos...!
[2025-03-15 17:32:51] INFO: Aplicando plugin de timestamps...
[2025-03-15 17:32:51] INFO: Aplicando plugin toJson...
[2025-03-15 17:32:51] INFO: Aplicando plugin toObject...
[2025-03-15 17:32:51] INFO: Aplicando plugin de timestamps...
[2025-03-15 17:32:51] INFO: Aplicando plugin toJson...
[2025-03-15 17:32:51] INFO: Aplicando plugin toObject...
[2025-03-15 17:32:51] INFO: Aplicando plugin de timestamps...
[2025-03-15 17:32:51] INFO: Aplicando plugin toJson...
[2025-03-15 17:32:51] INFO: Aplicando plugin toObject...
[2025-03-15 17:32:51] INFO: Aplicando plugin de timestamps...
[2025-03-15 17:32:51] INFO: Aplicando plugin toJson...
[2025-03-15 17:32:51] INFO: Aplicando plugin toObject...
[2025-03-15 17:32:51] INFO: Aplicando plugin de timestamps...
[2025-03-15 17:32:51] INFO: Aplicando plugin toJson...
[2025-03-15 17:32:51] INFO: Aplicando plugin toObject...
[2025-03-15 17:32:51] INFO: Aplicando plugin de timestamps...
[2025-03-15 17:32:51] INFO: Aplicando plugin toJson...
[2025-03-15 17:32:51] INFO: Aplicando plugin toObject...
[2025-03-15 17:32:51] INFO: Aplicando plugin de timestamps...
[2025-03-15 17:32:51] INFO: Aplicando plugin toJson...
[2025-03-15 17:32:51] INFO: Aplicando plugin toObject...
[2025-03-15 17:32:51] INFO: Aplicando plugin de timestamps...
[2025-03-15 17:32:51] INFO: Aplicando plugin toJson...
[2025-03-15 17:32:51] INFO: Aplicando plugin toObject...
[2025-03-15 17:32:51] INFO: Aplicando plugin de timestamps...
[2025-03-15 17:32:51] INFO: Aplicando plugin toJson...
[2025-03-15 17:32:51] INFO: Aplicando plugin toObject...
[2025-03-15 17:32:51] INFO: Aplicando plugin de timestamps...
[2025-03-15 17:32:51] INFO: Aplicando plugin toJson...
[2025-03-15 17:32:51] INFO: Aplicando plugin toObject...
[2025-03-15 17:32:51] INFO: Aplicando plugin de timestamps...
[2025-03-15 17:32:51] INFO: Aplicando plugin toJson...
[2025-03-15 17:32:51] INFO: Aplicando plugin toObject...
[2025-03-15 17:32:51] INFO: Aplicando plugin de timestamps...
[2025-03-15 17:32:51] INFO: Aplicando plugin toJson...
[2025-03-15 17:32:51] INFO: Aplicando plugin toObject...
[2025-03-15 17:32:51] INFO: Aplicando plugin de timestamps...
[2025-03-15 17:32:51] INFO: Aplicando plugin toJson...
[2025-03-15 17:32:51] INFO: Aplicando plugin toObject...
[2025-03-15 17:32:51] INFO: Aplicando plugin de timestamps...
[2025-03-15 17:32:51] INFO: Aplicando plugin toJson...
[2025-03-15 17:32:51] INFO: Aplicando plugin toObject...
[2025-03-15 17:32:51] INFO: Conectado a la base de datos...!
[2025-03-15 17:35:08] INFO: Aplicando plugin de timestamps...
[2025-03-15 17:35:08] INFO: Aplicando plugin toJson...
[2025-03-15 17:35:08] INFO: Aplicando plugin toObject...
[2025-03-15 17:35:08] INFO: Aplicando plugin de timestamps...
[2025-03-15 17:35:08] INFO: Aplicando plugin toJson...
[2025-03-15 17:35:08] INFO: Aplicando plugin toObject...
[2025-03-15 17:35:08] INFO: Aplicando plugin de timestamps...
[2025-03-15 17:35:08] INFO: Aplicando plugin toJson...
[2025-03-15 17:35:08] INFO: Aplicando plugin toObject...
[2025-03-15 17:35:08] INFO: Aplicando plugin de timestamps...
[2025-03-15 17:35:08] INFO: Aplicando plugin toJson...
[2025-03-15 17:35:08] INFO: Aplicando plugin toObject...
[2025-03-15 17:35:08] INFO: Aplicando plugin de timestamps...
[2025-03-15 17:35:08] INFO: Aplicando plugin toJson...
[2025-03-15 17:35:08] INFO: Aplicando plugin toObject...
[2025-03-15 17:35:08] INFO: Aplicando plugin de timestamps...
[2025-03-15 17:35:08] INFO: Aplicando plugin toJson...
[2025-03-15 17:35:08] INFO: Aplicando plugin toObject...
[2025-03-15 17:35:08] INFO: Aplicando plugin de timestamps...
[2025-03-15 17:35:08] INFO: Aplicando plugin toJson...
[2025-03-15 17:35:08] INFO: Aplicando plugin toObject...
[2025-03-15 17:35:08] INFO: Aplicando plugin de timestamps...
[2025-03-15 17:35:08] INFO: Aplicando plugin toJson...
[2025-03-15 17:35:08] INFO: Aplicando plugin toObject...
[2025-03-15 17:35:08] INFO: Aplicando plugin de timestamps...
[2025-03-15 17:35:08] INFO: Aplicando plugin toJson...
[2025-03-15 17:35:08] INFO: Aplicando plugin toObject...
[2025-03-15 17:35:08] INFO: Aplicando plugin de timestamps...
[2025-03-15 17:35:08] INFO: Aplicando plugin toJson...
[2025-03-15 17:35:08] INFO: Aplicando plugin toObject...
[2025-03-15 17:35:08] INFO: Aplicando plugin de timestamps...
[2025-03-15 17:35:08] INFO: Aplicando plugin toJson...
[2025-03-15 17:35:08] INFO: Aplicando plugin toObject...
[2025-03-15 17:35:08] INFO: Aplicando plugin de timestamps...
[2025-03-15 17:35:08] INFO: Aplicando plugin toJson...
[2025-03-15 17:35:08] INFO: Aplicando plugin toObject...
[2025-03-15 17:35:08] INFO: Aplicando plugin de timestamps...
[2025-03-15 17:35:08] INFO: Aplicando plugin toJson...
[2025-03-15 17:35:08] INFO: Aplicando plugin toObject...
[2025-03-15 17:35:08] INFO: Aplicando plugin de timestamps...
[2025-03-15 17:35:08] INFO: Aplicando plugin toJson...
[2025-03-15 17:35:08] INFO: Aplicando plugin toObject...
[2025-03-15 17:35:08] INFO: Conectado a la base de datos...!
[2025-03-15 17:46:47] INFO: Aplicando plugin de timestamps...
[2025-03-15 17:46:47] INFO: Aplicando plugin toJson...
[2025-03-15 17:46:47] INFO: Aplicando plugin toObject...
[2025-03-15 17:46:47] INFO: Aplicando plugin de timestamps...
[2025-03-15 17:46:47] INFO: Aplicando plugin toJson...
[2025-03-15 17:46:47] INFO: Aplicando plugin toObject...
[2025-03-15 17:46:47] INFO: Aplicando plugin de timestamps...
[2025-03-15 17:46:47] INFO: Aplicando plugin toJson...
[2025-03-15 17:46:47] INFO: Aplicando plugin toObject...
[2025-03-15 17:46:47] INFO: Aplicando plugin de timestamps...
[2025-03-15 17:46:47] INFO: Aplicando plugin toJson...
[2025-03-15 17:46:47] INFO: Aplicando plugin toObject...
[2025-03-15 17:46:47] INFO: Aplicando plugin de timestamps...
[2025-03-15 17:46:47] INFO: Aplicando plugin toJson...
[2025-03-15 17:46:47] INFO: Aplicando plugin toObject...
[2025-03-15 17:46:47] INFO: Aplicando plugin de timestamps...
[2025-03-15 17:46:47] INFO: Aplicando plugin toJson...
[2025-03-15 17:46:47] INFO: Aplicando plugin toObject...
[2025-03-15 17:46:47] INFO: Aplicando plugin de timestamps...
[2025-03-15 17:46:47] INFO: Aplicando plugin toJson...
[2025-03-15 17:46:47] INFO: Aplicando plugin toObject...
[2025-03-15 17:46:47] INFO: Aplicando plugin de timestamps...
[2025-03-15 17:46:47] INFO: Aplicando plugin toJson...
[2025-03-15 17:46:47] INFO: Aplicando plugin toObject...
[2025-03-15 17:46:47] INFO: Aplicando plugin de timestamps...
[2025-03-15 17:46:47] INFO: Aplicando plugin toJson...
[2025-03-15 17:46:47] INFO: Aplicando plugin toObject...
[2025-03-15 17:46:47] INFO: Aplicando plugin de timestamps...
[2025-03-15 17:46:47] INFO: Aplicando plugin toJson...
[2025-03-15 17:46:47] INFO: Aplicando plugin toObject...
[2025-03-15 17:46:47] INFO: Aplicando plugin de timestamps...
[2025-03-15 17:46:47] INFO: Aplicando plugin toJson...
[2025-03-15 17:46:47] INFO: Aplicando plugin toObject...
[2025-03-15 17:46:47] INFO: Aplicando plugin de timestamps...
[2025-03-15 17:46:47] INFO: Aplicando plugin toJson...
[2025-03-15 17:46:47] INFO: Aplicando plugin toObject...
[2025-03-15 17:46:47] INFO: Aplicando plugin de timestamps...
[2025-03-15 17:46:47] INFO: Aplicando plugin toJson...
[2025-03-15 17:46:47] INFO: Aplicando plugin toObject...
[2025-03-15 17:46:47] INFO: Aplicando plugin de timestamps...
[2025-03-15 17:46:47] INFO: Aplicando plugin toJson...
[2025-03-15 17:46:47] INFO: Aplicando plugin toObject...
[2025-03-15 17:46:47] INFO: Conectado a la base de datos...!
[2025-03-15 17:49:12] INFO: Aplicando plugin de timestamps...
[2025-03-15 17:49:12] INFO: Aplicando plugin toJson...
[2025-03-15 17:49:12] INFO: Aplicando plugin toObject...
[2025-03-15 17:49:12] INFO: Aplicando plugin de timestamps...
[2025-03-15 17:49:12] INFO: Aplicando plugin toJson...
[2025-03-15 17:49:12] INFO: Aplicando plugin toObject...
[2025-03-15 17:49:12] INFO: Aplicando plugin de timestamps...
[2025-03-15 17:49:12] INFO: Aplicando plugin toJson...
[2025-03-15 17:49:12] INFO: Aplicando plugin toObject...
[2025-03-15 17:49:12] INFO: Aplicando plugin de timestamps...
[2025-03-15 17:49:12] INFO: Aplicando plugin toJson...
[2025-03-15 17:49:12] INFO: Aplicando plugin toObject...
[2025-03-15 17:49:12] INFO: Aplicando plugin de timestamps...
[2025-03-15 17:49:12] INFO: Aplicando plugin toJson...
[2025-03-15 17:49:12] INFO: Aplicando plugin toObject...
[2025-03-15 17:49:12] INFO: Aplicando plugin de timestamps...
[2025-03-15 17:49:12] INFO: Aplicando plugin toJson...
[2025-03-15 17:49:12] INFO: Aplicando plugin toObject...
[2025-03-15 17:49:12] INFO: Aplicando plugin de timestamps...
[2025-03-15 17:49:12] INFO: Aplicando plugin toJson...
[2025-03-15 17:49:12] INFO: Aplicando plugin toObject...
[2025-03-15 17:49:12] INFO: Aplicando plugin de timestamps...
[2025-03-15 17:49:12] INFO: Aplicando plugin toJson...
[2025-03-15 17:49:12] INFO: Aplicando plugin toObject...
[2025-03-15 17:49:12] INFO: Aplicando plugin de timestamps...
[2025-03-15 17:49:12] INFO: Aplicando plugin toJson...
[2025-03-15 17:49:12] INFO: Aplicando plugin toObject...
[2025-03-15 17:49:12] INFO: Aplicando plugin de timestamps...
[2025-03-15 17:49:12] INFO: Aplicando plugin toJson...
[2025-03-15 17:49:12] INFO: Aplicando plugin toObject...
[2025-03-15 17:49:12] INFO: Aplicando plugin de timestamps...
[2025-03-15 17:49:12] INFO: Aplicando plugin toJson...
[2025-03-15 17:49:12] INFO: Aplicando plugin toObject...
[2025-03-15 17:49:12] INFO: Aplicando plugin de timestamps...
[2025-03-15 17:49:12] INFO: Aplicando plugin toJson...
[2025-03-15 17:49:12] INFO: Aplicando plugin toObject...
[2025-03-15 17:49:12] INFO: Aplicando plugin de timestamps...
[2025-03-15 17:49:12] INFO: Aplicando plugin toJson...
[2025-03-15 17:49:12] INFO: Aplicando plugin toObject...
[2025-03-15 17:49:12] INFO: Aplicando plugin de timestamps...
[2025-03-15 17:49:12] INFO: Aplicando plugin toJson...
[2025-03-15 17:49:12] INFO: Aplicando plugin toObject...
[2025-03-15 17:49:12] INFO: Conectado a la base de datos...!
[2025-03-15 17:49:38] INFO: Aplicando plugin de timestamps...
[2025-03-15 17:49:38] INFO: Aplicando plugin toJson...
[2025-03-15 17:49:38] INFO: Aplicando plugin toObject...
[2025-03-15 17:49:38] INFO: Aplicando plugin de timestamps...
[2025-03-15 17:49:38] INFO: Aplicando plugin toJson...
[2025-03-15 17:49:38] INFO: Aplicando plugin toObject...
[2025-03-15 17:49:38] INFO: Aplicando plugin de timestamps...
[2025-03-15 17:49:38] INFO: Aplicando plugin toJson...
[2025-03-15 17:49:38] INFO: Aplicando plugin toObject...
[2025-03-15 17:49:38] INFO: Aplicando plugin de timestamps...
[2025-03-15 17:49:38] INFO: Aplicando plugin toJson...
[2025-03-15 17:49:38] INFO: Aplicando plugin toObject...
[2025-03-15 17:49:38] INFO: Aplicando plugin de timestamps...
[2025-03-15 17:49:38] INFO: Aplicando plugin toJson...
[2025-03-15 17:49:38] INFO: Aplicando plugin toObject...
[2025-03-15 17:49:38] INFO: Aplicando plugin de timestamps...
[2025-03-15 17:49:38] INFO: Aplicando plugin toJson...
[2025-03-15 17:49:38] INFO: Aplicando plugin toObject...
[2025-03-15 17:49:38] INFO: Aplicando plugin de timestamps...
[2025-03-15 17:49:38] INFO: Aplicando plugin toJson...
[2025-03-15 17:49:38] INFO: Aplicando plugin toObject...
[2025-03-15 17:49:38] INFO: Aplicando plugin de timestamps...
[2025-03-15 17:49:38] INFO: Aplicando plugin toJson...
[2025-03-15 17:49:38] INFO: Aplicando plugin toObject...
[2025-03-15 17:49:38] INFO: Aplicando plugin de timestamps...
[2025-03-15 17:49:38] INFO: Aplicando plugin toJson...
[2025-03-15 17:49:38] INFO: Aplicando plugin toObject...
[2025-03-15 17:49:38] INFO: Aplicando plugin de timestamps...
[2025-03-15 17:49:38] INFO: Aplicando plugin toJson...
[2025-03-15 17:49:38] INFO: Aplicando plugin toObject...
[2025-03-15 17:49:38] INFO: Aplicando plugin de timestamps...
[2025-03-15 17:49:38] INFO: Aplicando plugin toJson...
[2025-03-15 17:49:38] INFO: Aplicando plugin toObject...
[2025-03-15 17:49:38] INFO: Aplicando plugin de timestamps...
[2025-03-15 17:49:38] INFO: Aplicando plugin toJson...
[2025-03-15 17:49:38] INFO: Aplicando plugin toObject...
[2025-03-15 17:49:38] INFO: Aplicando plugin de timestamps...
[2025-03-15 17:49:38] INFO: Aplicando plugin toJson...
[2025-03-15 17:49:38] INFO: Aplicando plugin toObject...
[2025-03-15 17:49:38] INFO: Aplicando plugin de timestamps...
[2025-03-15 17:49:38] INFO: Aplicando plugin toJson...
[2025-03-15 17:49:38] INFO: Aplicando plugin toObject...
[2025-03-15 17:49:38] INFO: Conectado a la base de datos...!
[2025-03-15 17:50:03] INFO: Aplicando plugin de timestamps...
[2025-03-15 17:50:03] INFO: Aplicando plugin toJson...
[2025-03-15 17:50:03] INFO: Aplicando plugin toObject...
[2025-03-15 17:50:03] INFO: Aplicando plugin de timestamps...
[2025-03-15 17:50:03] INFO: Aplicando plugin toJson...
[2025-03-15 17:50:03] INFO: Aplicando plugin toObject...
[2025-03-15 17:50:03] INFO: Aplicando plugin de timestamps...
[2025-03-15 17:50:03] INFO: Aplicando plugin toJson...
[2025-03-15 17:50:03] INFO: Aplicando plugin toObject...
[2025-03-15 17:50:03] INFO: Aplicando plugin de timestamps...
[2025-03-15 17:50:03] INFO: Aplicando plugin toJson...
[2025-03-15 17:50:03] INFO: Aplicando plugin toObject...
[2025-03-15 17:50:03] INFO: Aplicando plugin de timestamps...
[2025-03-15 17:50:03] INFO: Aplicando plugin toJson...
[2025-03-15 17:50:03] INFO: Aplicando plugin toObject...
[2025-03-15 17:50:03] INFO: Aplicando plugin de timestamps...
[2025-03-15 17:50:03] INFO: Aplicando plugin toJson...
[2025-03-15 17:50:03] INFO: Aplicando plugin toObject...
[2025-03-15 17:50:03] INFO: Aplicando plugin de timestamps...
[2025-03-15 17:50:03] INFO: Aplicando plugin toJson...
[2025-03-15 17:50:03] INFO: Aplicando plugin toObject...
[2025-03-15 17:50:03] INFO: Aplicando plugin de timestamps...
[2025-03-15 17:50:03] INFO: Aplicando plugin toJson...
[2025-03-15 17:50:03] INFO: Aplicando plugin toObject...
[2025-03-15 17:50:03] INFO: Aplicando plugin de timestamps...
[2025-03-15 17:50:03] INFO: Aplicando plugin toJson...
[2025-03-15 17:50:03] INFO: Aplicando plugin toObject...
[2025-03-15 17:50:03] INFO: Aplicando plugin de timestamps...
[2025-03-15 17:50:03] INFO: Aplicando plugin toJson...
[2025-03-15 17:50:03] INFO: Aplicando plugin toObject...
[2025-03-15 17:50:03] INFO: Aplicando plugin de timestamps...
[2025-03-15 17:50:03] INFO: Aplicando plugin toJson...
[2025-03-15 17:50:03] INFO: Aplicando plugin toObject...
[2025-03-15 17:50:03] INFO: Aplicando plugin de timestamps...
[2025-03-15 17:50:03] INFO: Aplicando plugin toJson...
[2025-03-15 17:50:03] INFO: Aplicando plugin toObject...
[2025-03-15 17:50:03] INFO: Aplicando plugin de timestamps...
[2025-03-15 17:50:03] INFO: Aplicando plugin toJson...
[2025-03-15 17:50:03] INFO: Aplicando plugin toObject...
[2025-03-15 17:50:03] INFO: Aplicando plugin de timestamps...
[2025-03-15 17:50:03] INFO: Aplicando plugin toJson...
[2025-03-15 17:50:03] INFO: Aplicando plugin toObject...
[2025-03-15 17:50:03] INFO: Conectado a la base de datos...!
[2025-03-15 17:52:56] INFO: Generated token para user-admin: eyJhbGciOiJIUzI1NiIsInR5cCI6IkpXVCJ9.eyJ1c2VySWQiOiI2N2Q1ZThhODczZTQxOWEwNmM0MGQ2NWUiLCJyb2xlIjoiYWRtaW4iLCJlbmFibGVkIjp0cnVlLCJpYXQiOjE3NDIwNzE5NzYsImV4cCI6MTc0MjA3NTU3Nn0.XkAa-fPrHU7WUXOsn69HytuZIiHtRdtEYPGW0_cgSgc
[2025-03-15 17:54:28] INFO: Aplicando plugin de timestamps...
[2025-03-15 17:54:28] INFO: Aplicando plugin toJson...
[2025-03-15 17:54:28] INFO: Aplicando plugin toObject...
[2025-03-15 17:54:28] INFO: Aplicando plugin de timestamps...
[2025-03-15 17:54:28] INFO: Aplicando plugin toJson...
[2025-03-15 17:54:28] INFO: Aplicando plugin toObject...
[2025-03-15 17:54:28] INFO: Aplicando plugin de timestamps...
[2025-03-15 17:54:28] INFO: Aplicando plugin toJson...
[2025-03-15 17:54:28] INFO: Aplicando plugin toObject...
[2025-03-15 17:54:28] INFO: Aplicando plugin de timestamps...
[2025-03-15 17:54:28] INFO: Aplicando plugin toJson...
[2025-03-15 17:54:28] INFO: Aplicando plugin toObject...
[2025-03-15 17:54:28] INFO: Aplicando plugin de timestamps...
[2025-03-15 17:54:28] INFO: Aplicando plugin toJson...
[2025-03-15 17:54:28] INFO: Aplicando plugin toObject...
[2025-03-15 17:54:28] INFO: Aplicando plugin de timestamps...
[2025-03-15 17:54:28] INFO: Aplicando plugin toJson...
[2025-03-15 17:54:28] INFO: Aplicando plugin toObject...
[2025-03-15 17:54:28] INFO: Aplicando plugin de timestamps...
[2025-03-15 17:54:28] INFO: Aplicando plugin toJson...
[2025-03-15 17:54:28] INFO: Aplicando plugin toObject...
[2025-03-15 17:54:28] INFO: Aplicando plugin de timestamps...
[2025-03-15 17:54:28] INFO: Aplicando plugin toJson...
[2025-03-15 17:54:28] INFO: Aplicando plugin toObject...
[2025-03-15 17:54:28] INFO: Aplicando plugin de timestamps...
[2025-03-15 17:54:28] INFO: Aplicando plugin toJson...
[2025-03-15 17:54:28] INFO: Aplicando plugin toObject...
[2025-03-15 17:54:28] INFO: Aplicando plugin de timestamps...
[2025-03-15 17:54:28] INFO: Aplicando plugin toJson...
[2025-03-15 17:54:28] INFO: Aplicando plugin toObject...
[2025-03-15 17:54:28] INFO: Aplicando plugin de timestamps...
[2025-03-15 17:54:28] INFO: Aplicando plugin toJson...
[2025-03-15 17:54:28] INFO: Aplicando plugin toObject...
[2025-03-15 17:54:28] INFO: Aplicando plugin de timestamps...
[2025-03-15 17:54:28] INFO: Aplicando plugin toJson...
[2025-03-15 17:54:28] INFO: Aplicando plugin toObject...
[2025-03-15 17:54:28] INFO: Aplicando plugin de timestamps...
[2025-03-15 17:54:28] INFO: Aplicando plugin toJson...
[2025-03-15 17:54:28] INFO: Aplicando plugin toObject...
[2025-03-15 17:54:28] INFO: Aplicando plugin de timestamps...
[2025-03-15 17:54:28] INFO: Aplicando plugin toJson...
[2025-03-15 17:54:28] INFO: Aplicando plugin toObject...
[2025-03-15 17:54:28] INFO: Conectado a la base de datos...!
[2025-03-15 17:57:41] INFO: Aplicando plugin de timestamps...
[2025-03-15 17:57:41] INFO: Aplicando plugin toJson...
[2025-03-15 17:57:41] INFO: Aplicando plugin toObject...
[2025-03-15 17:57:41] INFO: Aplicando plugin de timestamps...
[2025-03-15 17:57:41] INFO: Aplicando plugin toJson...
[2025-03-15 17:57:41] INFO: Aplicando plugin toObject...
[2025-03-15 17:57:41] INFO: Aplicando plugin de timestamps...
[2025-03-15 17:57:41] INFO: Aplicando plugin toJson...
[2025-03-15 17:57:41] INFO: Aplicando plugin toObject...
[2025-03-15 17:57:41] INFO: Aplicando plugin de timestamps...
[2025-03-15 17:57:41] INFO: Aplicando plugin toJson...
[2025-03-15 17:57:41] INFO: Aplicando plugin toObject...
[2025-03-15 17:57:41] INFO: Aplicando plugin de timestamps...
[2025-03-15 17:57:41] INFO: Aplicando plugin toJson...
[2025-03-15 17:57:41] INFO: Aplicando plugin toObject...
[2025-03-15 17:57:41] INFO: Aplicando plugin de timestamps...
[2025-03-15 17:57:41] INFO: Aplicando plugin toJson...
[2025-03-15 17:57:41] INFO: Aplicando plugin toObject...
[2025-03-15 17:57:41] INFO: Aplicando plugin de timestamps...
[2025-03-15 17:57:41] INFO: Aplicando plugin toJson...
[2025-03-15 17:57:41] INFO: Aplicando plugin toObject...
[2025-03-15 17:57:41] INFO: Aplicando plugin de timestamps...
[2025-03-15 17:57:41] INFO: Aplicando plugin toJson...
[2025-03-15 17:57:41] INFO: Aplicando plugin toObject...
[2025-03-15 17:57:41] INFO: Aplicando plugin de timestamps...
[2025-03-15 17:57:41] INFO: Aplicando plugin toJson...
[2025-03-15 17:57:41] INFO: Aplicando plugin toObject...
[2025-03-15 17:57:41] INFO: Aplicando plugin de timestamps...
[2025-03-15 17:57:41] INFO: Aplicando plugin toJson...
[2025-03-15 17:57:41] INFO: Aplicando plugin toObject...
[2025-03-15 17:57:41] INFO: Aplicando plugin de timestamps...
[2025-03-15 17:57:41] INFO: Aplicando plugin toJson...
[2025-03-15 17:57:41] INFO: Aplicando plugin toObject...
[2025-03-15 17:57:41] INFO: Aplicando plugin de timestamps...
[2025-03-15 17:57:41] INFO: Aplicando plugin toJson...
[2025-03-15 17:57:41] INFO: Aplicando plugin toObject...
[2025-03-15 17:57:41] INFO: Aplicando plugin de timestamps...
[2025-03-15 17:57:41] INFO: Aplicando plugin toJson...
[2025-03-15 17:57:41] INFO: Aplicando plugin toObject...
[2025-03-15 17:57:41] INFO: Aplicando plugin de timestamps...
[2025-03-15 17:57:41] INFO: Aplicando plugin toJson...
[2025-03-15 17:57:41] INFO: Aplicando plugin toObject...
[2025-03-15 17:57:41] INFO: Conectado a la base de datos...!
[2025-03-15 18:01:57] INFO: Aplicando plugin de timestamps...
[2025-03-15 18:01:57] INFO: Aplicando plugin toJson...
[2025-03-15 18:01:57] INFO: Aplicando plugin toObject...
[2025-03-15 18:01:57] INFO: Aplicando plugin de timestamps...
[2025-03-15 18:01:57] INFO: Aplicando plugin toJson...
[2025-03-15 18:01:57] INFO: Aplicando plugin toObject...
[2025-03-15 18:01:57] INFO: Aplicando plugin de timestamps...
[2025-03-15 18:01:57] INFO: Aplicando plugin toJson...
[2025-03-15 18:01:57] INFO: Aplicando plugin toObject...
[2025-03-15 18:01:57] INFO: Aplicando plugin de timestamps...
[2025-03-15 18:01:57] INFO: Aplicando plugin toJson...
[2025-03-15 18:01:57] INFO: Aplicando plugin toObject...
[2025-03-15 18:01:57] INFO: Aplicando plugin de timestamps...
[2025-03-15 18:01:57] INFO: Aplicando plugin toJson...
[2025-03-15 18:01:57] INFO: Aplicando plugin toObject...
[2025-03-15 18:01:58] INFO: Aplicando plugin de timestamps...
[2025-03-15 18:01:58] INFO: Aplicando plugin toJson...
[2025-03-15 18:01:58] INFO: Aplicando plugin toObject...
[2025-03-15 18:01:58] INFO: Aplicando plugin de timestamps...
[2025-03-15 18:01:58] INFO: Aplicando plugin toJson...
[2025-03-15 18:01:58] INFO: Aplicando plugin toObject...
[2025-03-15 18:01:58] INFO: Aplicando plugin de timestamps...
[2025-03-15 18:01:58] INFO: Aplicando plugin toJson...
[2025-03-15 18:01:58] INFO: Aplicando plugin toObject...
[2025-03-15 18:01:58] INFO: Aplicando plugin de timestamps...
[2025-03-15 18:01:58] INFO: Aplicando plugin toJson...
[2025-03-15 18:01:58] INFO: Aplicando plugin toObject...
[2025-03-15 18:01:58] INFO: Aplicando plugin de timestamps...
[2025-03-15 18:01:58] INFO: Aplicando plugin toJson...
[2025-03-15 18:01:58] INFO: Aplicando plugin toObject...
[2025-03-15 18:01:58] INFO: Aplicando plugin de timestamps...
[2025-03-15 18:01:58] INFO: Aplicando plugin toJson...
[2025-03-15 18:01:58] INFO: Aplicando plugin toObject...
[2025-03-15 18:01:58] INFO: Aplicando plugin de timestamps...
[2025-03-15 18:01:58] INFO: Aplicando plugin toJson...
[2025-03-15 18:01:58] INFO: Aplicando plugin toObject...
[2025-03-15 18:01:58] INFO: Aplicando plugin de timestamps...
[2025-03-15 18:01:58] INFO: Aplicando plugin toJson...
[2025-03-15 18:01:58] INFO: Aplicando plugin toObject...
[2025-03-15 18:01:58] INFO: Aplicando plugin de timestamps...
[2025-03-15 18:01:58] INFO: Aplicando plugin toJson...
[2025-03-15 18:01:58] INFO: Aplicando plugin toObject...
[2025-03-15 18:01:58] INFO: Conectado a la base de datos...!
[2025-03-15 18:02:49] INFO: Aplicando plugin de timestamps...
[2025-03-15 18:02:49] INFO: Aplicando plugin toJson...
[2025-03-15 18:02:49] INFO: Aplicando plugin toObject...
[2025-03-15 18:02:49] INFO: Aplicando plugin de timestamps...
[2025-03-15 18:02:49] INFO: Aplicando plugin toJson...
[2025-03-15 18:02:49] INFO: Aplicando plugin toObject...
[2025-03-15 18:02:49] INFO: Aplicando plugin de timestamps...
[2025-03-15 18:02:49] INFO: Aplicando plugin toJson...
[2025-03-15 18:02:49] INFO: Aplicando plugin toObject...
[2025-03-15 18:02:49] INFO: Aplicando plugin de timestamps...
[2025-03-15 18:02:49] INFO: Aplicando plugin toJson...
[2025-03-15 18:02:49] INFO: Aplicando plugin toObject...
[2025-03-15 18:02:49] INFO: Aplicando plugin de timestamps...
[2025-03-15 18:02:49] INFO: Aplicando plugin toJson...
[2025-03-15 18:02:49] INFO: Aplicando plugin toObject...
[2025-03-15 18:02:49] INFO: Aplicando plugin de timestamps...
[2025-03-15 18:02:49] INFO: Aplicando plugin toJson...
[2025-03-15 18:02:49] INFO: Aplicando plugin toObject...
[2025-03-15 18:02:49] INFO: Aplicando plugin de timestamps...
[2025-03-15 18:02:49] INFO: Aplicando plugin toJson...
[2025-03-15 18:02:49] INFO: Aplicando plugin toObject...
[2025-03-15 18:02:49] INFO: Aplicando plugin de timestamps...
[2025-03-15 18:02:49] INFO: Aplicando plugin toJson...
[2025-03-15 18:02:49] INFO: Aplicando plugin toObject...
[2025-03-15 18:02:49] INFO: Aplicando plugin de timestamps...
[2025-03-15 18:02:49] INFO: Aplicando plugin toJson...
[2025-03-15 18:02:49] INFO: Aplicando plugin toObject...
[2025-03-15 18:02:49] INFO: Aplicando plugin de timestamps...
[2025-03-15 18:02:49] INFO: Aplicando plugin toJson...
[2025-03-15 18:02:49] INFO: Aplicando plugin toObject...
[2025-03-15 18:02:49] INFO: Aplicando plugin de timestamps...
[2025-03-15 18:02:49] INFO: Aplicando plugin toJson...
[2025-03-15 18:02:49] INFO: Aplicando plugin toObject...
[2025-03-15 18:02:49] INFO: Aplicando plugin de timestamps...
[2025-03-15 18:02:49] INFO: Aplicando plugin toJson...
[2025-03-15 18:02:49] INFO: Aplicando plugin toObject...
[2025-03-15 18:02:49] INFO: Aplicando plugin de timestamps...
[2025-03-15 18:02:49] INFO: Aplicando plugin toJson...
[2025-03-15 18:02:49] INFO: Aplicando plugin toObject...
[2025-03-15 18:02:49] INFO: Aplicando plugin de timestamps...
[2025-03-15 18:02:49] INFO: Aplicando plugin toJson...
[2025-03-15 18:02:49] INFO: Aplicando plugin toObject...
[2025-03-15 18:02:49] INFO: Conectado a la base de datos...!
[2025-03-15 18:03:37] INFO: Aplicando plugin de timestamps...
[2025-03-15 18:03:37] INFO: Aplicando plugin toJson...
[2025-03-15 18:03:37] INFO: Aplicando plugin toObject...
[2025-03-15 18:03:37] INFO: Aplicando plugin de timestamps...
[2025-03-15 18:03:37] INFO: Aplicando plugin toJson...
[2025-03-15 18:03:37] INFO: Aplicando plugin toObject...
[2025-03-15 18:03:37] INFO: Aplicando plugin de timestamps...
[2025-03-15 18:03:37] INFO: Aplicando plugin toJson...
[2025-03-15 18:03:37] INFO: Aplicando plugin toObject...
[2025-03-15 18:03:37] INFO: Aplicando plugin de timestamps...
[2025-03-15 18:03:37] INFO: Aplicando plugin toJson...
[2025-03-15 18:03:37] INFO: Aplicando plugin toObject...
[2025-03-15 18:03:37] INFO: Aplicando plugin de timestamps...
[2025-03-15 18:03:37] INFO: Aplicando plugin toJson...
[2025-03-15 18:03:37] INFO: Aplicando plugin toObject...
[2025-03-15 18:03:37] INFO: Aplicando plugin de timestamps...
[2025-03-15 18:03:37] INFO: Aplicando plugin toJson...
[2025-03-15 18:03:37] INFO: Aplicando plugin toObject...
[2025-03-15 18:03:37] INFO: Aplicando plugin de timestamps...
[2025-03-15 18:03:37] INFO: Aplicando plugin toJson...
[2025-03-15 18:03:37] INFO: Aplicando plugin toObject...
[2025-03-15 18:03:37] INFO: Aplicando plugin de timestamps...
[2025-03-15 18:03:37] INFO: Aplicando plugin toJson...
[2025-03-15 18:03:37] INFO: Aplicando plugin toObject...
[2025-03-15 18:03:37] INFO: Aplicando plugin de timestamps...
[2025-03-15 18:03:37] INFO: Aplicando plugin toJson...
[2025-03-15 18:03:37] INFO: Aplicando plugin toObject...
[2025-03-15 18:03:37] INFO: Aplicando plugin de timestamps...
[2025-03-15 18:03:37] INFO: Aplicando plugin toJson...
[2025-03-15 18:03:37] INFO: Aplicando plugin toObject...
[2025-03-15 18:03:37] INFO: Aplicando plugin de timestamps...
[2025-03-15 18:03:37] INFO: Aplicando plugin toJson...
[2025-03-15 18:03:37] INFO: Aplicando plugin toObject...
[2025-03-15 18:03:37] INFO: Aplicando plugin de timestamps...
[2025-03-15 18:03:37] INFO: Aplicando plugin toJson...
[2025-03-15 18:03:37] INFO: Aplicando plugin toObject...
[2025-03-15 18:03:37] INFO: Aplicando plugin de timestamps...
[2025-03-15 18:03:37] INFO: Aplicando plugin toJson...
[2025-03-15 18:03:37] INFO: Aplicando plugin toObject...
[2025-03-15 18:03:37] INFO: Aplicando plugin de timestamps...
[2025-03-15 18:03:37] INFO: Aplicando plugin toJson...
[2025-03-15 18:03:37] INFO: Aplicando plugin toObject...
[2025-03-15 18:03:38] INFO: Conectado a la base de datos...!
[2025-03-15 18:04:00] INFO: Aplicando plugin de timestamps...
[2025-03-15 18:04:00] INFO: Aplicando plugin toJson...
[2025-03-15 18:04:00] INFO: Aplicando plugin toObject...
[2025-03-15 18:04:00] INFO: Aplicando plugin de timestamps...
[2025-03-15 18:04:00] INFO: Aplicando plugin toJson...
[2025-03-15 18:04:00] INFO: Aplicando plugin toObject...
[2025-03-15 18:04:00] INFO: Aplicando plugin de timestamps...
[2025-03-15 18:04:00] INFO: Aplicando plugin toJson...
[2025-03-15 18:04:00] INFO: Aplicando plugin toObject...
[2025-03-15 18:04:00] INFO: Aplicando plugin de timestamps...
[2025-03-15 18:04:00] INFO: Aplicando plugin toJson...
[2025-03-15 18:04:00] INFO: Aplicando plugin toObject...
[2025-03-15 18:04:00] INFO: Aplicando plugin de timestamps...
[2025-03-15 18:04:00] INFO: Aplicando plugin toJson...
[2025-03-15 18:04:00] INFO: Aplicando plugin toObject...
[2025-03-15 18:04:00] INFO: Aplicando plugin de timestamps...
[2025-03-15 18:04:00] INFO: Aplicando plugin toJson...
[2025-03-15 18:04:00] INFO: Aplicando plugin toObject...
[2025-03-15 18:04:00] INFO: Aplicando plugin de timestamps...
[2025-03-15 18:04:00] INFO: Aplicando plugin toJson...
[2025-03-15 18:04:00] INFO: Aplicando plugin toObject...
[2025-03-15 18:04:00] INFO: Aplicando plugin de timestamps...
[2025-03-15 18:04:00] INFO: Aplicando plugin toJson...
[2025-03-15 18:04:00] INFO: Aplicando plugin toObject...
[2025-03-15 18:04:00] INFO: Aplicando plugin de timestamps...
[2025-03-15 18:04:00] INFO: Aplicando plugin toJson...
[2025-03-15 18:04:00] INFO: Aplicando plugin toObject...
[2025-03-15 18:04:00] INFO: Aplicando plugin de timestamps...
[2025-03-15 18:04:00] INFO: Aplicando plugin toJson...
[2025-03-15 18:04:00] INFO: Aplicando plugin toObject...
[2025-03-15 18:04:00] INFO: Aplicando plugin de timestamps...
[2025-03-15 18:04:00] INFO: Aplicando plugin toJson...
[2025-03-15 18:04:00] INFO: Aplicando plugin toObject...
[2025-03-15 18:04:00] INFO: Aplicando plugin de timestamps...
[2025-03-15 18:04:00] INFO: Aplicando plugin toJson...
[2025-03-15 18:04:00] INFO: Aplicando plugin toObject...
[2025-03-15 18:04:00] INFO: Aplicando plugin de timestamps...
[2025-03-15 18:04:00] INFO: Aplicando plugin toJson...
[2025-03-15 18:04:00] INFO: Aplicando plugin toObject...
[2025-03-15 18:04:00] INFO: Aplicando plugin de timestamps...
[2025-03-15 18:04:00] INFO: Aplicando plugin toJson...
[2025-03-15 18:04:00] INFO: Aplicando plugin toObject...
[2025-03-15 18:04:01] INFO: Conectado a la base de datos...!
[2025-03-15 18:05:46] INFO: Aplicando plugin de timestamps...
[2025-03-15 18:05:46] INFO: Aplicando plugin toJson...
[2025-03-15 18:05:46] INFO: Aplicando plugin toObject...
[2025-03-15 18:05:46] INFO: Aplicando plugin de timestamps...
[2025-03-15 18:05:46] INFO: Aplicando plugin toJson...
[2025-03-15 18:05:46] INFO: Aplicando plugin toObject...
[2025-03-15 18:05:46] INFO: Aplicando plugin de timestamps...
[2025-03-15 18:05:46] INFO: Aplicando plugin toJson...
[2025-03-15 18:05:46] INFO: Aplicando plugin toObject...
[2025-03-15 18:05:46] INFO: Aplicando plugin de timestamps...
[2025-03-15 18:05:46] INFO: Aplicando plugin toJson...
[2025-03-15 18:05:46] INFO: Aplicando plugin toObject...
[2025-03-15 18:05:46] INFO: Aplicando plugin de timestamps...
[2025-03-15 18:05:46] INFO: Aplicando plugin toJson...
[2025-03-15 18:05:46] INFO: Aplicando plugin toObject...
[2025-03-15 18:05:46] INFO: Aplicando plugin de timestamps...
[2025-03-15 18:05:46] INFO: Aplicando plugin toJson...
[2025-03-15 18:05:46] INFO: Aplicando plugin toObject...
[2025-03-15 18:05:46] INFO: Aplicando plugin de timestamps...
[2025-03-15 18:05:46] INFO: Aplicando plugin toJson...
[2025-03-15 18:05:46] INFO: Aplicando plugin toObject...
[2025-03-15 18:05:46] INFO: Aplicando plugin de timestamps...
[2025-03-15 18:05:46] INFO: Aplicando plugin toJson...
[2025-03-15 18:05:46] INFO: Aplicando plugin toObject...
[2025-03-15 18:05:46] INFO: Aplicando plugin de timestamps...
[2025-03-15 18:05:46] INFO: Aplicando plugin toJson...
[2025-03-15 18:05:46] INFO: Aplicando plugin toObject...
[2025-03-15 18:05:46] INFO: Aplicando plugin de timestamps...
[2025-03-15 18:05:46] INFO: Aplicando plugin toJson...
[2025-03-15 18:05:46] INFO: Aplicando plugin toObject...
[2025-03-15 18:05:46] INFO: Aplicando plugin de timestamps...
[2025-03-15 18:05:46] INFO: Aplicando plugin toJson...
[2025-03-15 18:05:46] INFO: Aplicando plugin toObject...
[2025-03-15 18:05:46] INFO: Aplicando plugin de timestamps...
[2025-03-15 18:05:46] INFO: Aplicando plugin toJson...
[2025-03-15 18:05:46] INFO: Aplicando plugin toObject...
[2025-03-15 18:05:46] INFO: Aplicando plugin de timestamps...
[2025-03-15 18:05:46] INFO: Aplicando plugin toJson...
[2025-03-15 18:05:46] INFO: Aplicando plugin toObject...
[2025-03-15 18:05:46] INFO: Aplicando plugin de timestamps...
[2025-03-15 18:05:46] INFO: Aplicando plugin toJson...
[2025-03-15 18:05:46] INFO: Aplicando plugin toObject...
[2025-03-15 18:05:47] INFO: Conectado a la base de datos...!
[2025-03-15 18:07:55] INFO: Aplicando plugin de timestamps...
[2025-03-15 18:07:55] INFO: Aplicando plugin toJson...
[2025-03-15 18:07:55] INFO: Aplicando plugin toObject...
[2025-03-15 18:07:55] INFO: Aplicando plugin de timestamps...
[2025-03-15 18:07:55] INFO: Aplicando plugin toJson...
[2025-03-15 18:07:55] INFO: Aplicando plugin toObject...
[2025-03-15 18:07:55] INFO: Aplicando plugin de timestamps...
[2025-03-15 18:07:55] INFO: Aplicando plugin toJson...
[2025-03-15 18:07:55] INFO: Aplicando plugin toObject...
[2025-03-15 18:07:55] INFO: Aplicando plugin de timestamps...
[2025-03-15 18:07:55] INFO: Aplicando plugin toJson...
[2025-03-15 18:07:55] INFO: Aplicando plugin toObject...
[2025-03-15 18:07:55] INFO: Aplicando plugin de timestamps...
[2025-03-15 18:07:55] INFO: Aplicando plugin toJson...
[2025-03-15 18:07:55] INFO: Aplicando plugin toObject...
[2025-03-15 18:07:56] INFO: Aplicando plugin de timestamps...
[2025-03-15 18:07:56] INFO: Aplicando plugin toJson...
[2025-03-15 18:07:56] INFO: Aplicando plugin toObject...
[2025-03-15 18:07:56] INFO: Aplicando plugin de timestamps...
[2025-03-15 18:07:56] INFO: Aplicando plugin toJson...
[2025-03-15 18:07:56] INFO: Aplicando plugin toObject...
[2025-03-15 18:07:56] INFO: Aplicando plugin de timestamps...
[2025-03-15 18:07:56] INFO: Aplicando plugin toJson...
[2025-03-15 18:07:56] INFO: Aplicando plugin toObject...
[2025-03-15 18:07:56] INFO: Aplicando plugin de timestamps...
[2025-03-15 18:07:56] INFO: Aplicando plugin toJson...
[2025-03-15 18:07:56] INFO: Aplicando plugin toObject...
[2025-03-15 18:07:56] INFO: Aplicando plugin de timestamps...
[2025-03-15 18:07:56] INFO: Aplicando plugin toJson...
[2025-03-15 18:07:56] INFO: Aplicando plugin toObject...
[2025-03-15 18:07:56] INFO: Aplicando plugin de timestamps...
[2025-03-15 18:07:56] INFO: Aplicando plugin toJson...
[2025-03-15 18:07:56] INFO: Aplicando plugin toObject...
[2025-03-15 18:07:56] INFO: Aplicando plugin de timestamps...
[2025-03-15 18:07:56] INFO: Aplicando plugin toJson...
[2025-03-15 18:07:56] INFO: Aplicando plugin toObject...
[2025-03-15 18:07:56] INFO: Aplicando plugin de timestamps...
[2025-03-15 18:07:56] INFO: Aplicando plugin toJson...
[2025-03-15 18:07:56] INFO: Aplicando plugin toObject...
[2025-03-15 18:07:56] INFO: Aplicando plugin de timestamps...
[2025-03-15 18:07:56] INFO: Aplicando plugin toJson...
[2025-03-15 18:07:56] INFO: Aplicando plugin toObject...
[2025-03-15 18:07:56] INFO: Conectado a la base de datos...!
[2025-03-15 18:08:19] INFO: Aplicando plugin de timestamps...
[2025-03-15 18:08:19] INFO: Aplicando plugin toJson...
[2025-03-15 18:08:19] INFO: Aplicando plugin toObject...
[2025-03-15 18:08:19] INFO: Aplicando plugin de timestamps...
[2025-03-15 18:08:19] INFO: Aplicando plugin toJson...
[2025-03-15 18:08:19] INFO: Aplicando plugin toObject...
[2025-03-15 18:08:19] INFO: Aplicando plugin de timestamps...
[2025-03-15 18:08:19] INFO: Aplicando plugin toJson...
[2025-03-15 18:08:19] INFO: Aplicando plugin toObject...
[2025-03-15 18:08:19] INFO: Aplicando plugin de timestamps...
[2025-03-15 18:08:19] INFO: Aplicando plugin toJson...
[2025-03-15 18:08:19] INFO: Aplicando plugin toObject...
[2025-03-15 18:08:19] INFO: Aplicando plugin de timestamps...
[2025-03-15 18:08:19] INFO: Aplicando plugin toJson...
[2025-03-15 18:08:19] INFO: Aplicando plugin toObject...
[2025-03-15 18:08:19] INFO: Aplicando plugin de timestamps...
[2025-03-15 18:08:19] INFO: Aplicando plugin toJson...
[2025-03-15 18:08:19] INFO: Aplicando plugin toObject...
[2025-03-15 18:08:19] INFO: Aplicando plugin de timestamps...
[2025-03-15 18:08:19] INFO: Aplicando plugin toJson...
[2025-03-15 18:08:19] INFO: Aplicando plugin toObject...
[2025-03-15 18:08:19] INFO: Aplicando plugin de timestamps...
[2025-03-15 18:08:19] INFO: Aplicando plugin toJson...
[2025-03-15 18:08:19] INFO: Aplicando plugin toObject...
[2025-03-15 18:08:19] INFO: Aplicando plugin de timestamps...
[2025-03-15 18:08:19] INFO: Aplicando plugin toJson...
[2025-03-15 18:08:19] INFO: Aplicando plugin toObject...
[2025-03-15 18:08:19] INFO: Aplicando plugin de timestamps...
[2025-03-15 18:08:19] INFO: Aplicando plugin toJson...
[2025-03-15 18:08:19] INFO: Aplicando plugin toObject...
[2025-03-15 18:08:19] INFO: Aplicando plugin de timestamps...
[2025-03-15 18:08:19] INFO: Aplicando plugin toJson...
[2025-03-15 18:08:19] INFO: Aplicando plugin toObject...
[2025-03-15 18:08:19] INFO: Aplicando plugin de timestamps...
[2025-03-15 18:08:19] INFO: Aplicando plugin toJson...
[2025-03-15 18:08:19] INFO: Aplicando plugin toObject...
[2025-03-15 18:08:19] INFO: Aplicando plugin de timestamps...
[2025-03-15 18:08:19] INFO: Aplicando plugin toJson...
[2025-03-15 18:08:19] INFO: Aplicando plugin toObject...
[2025-03-15 18:08:19] INFO: Aplicando plugin de timestamps...
[2025-03-15 18:08:19] INFO: Aplicando plugin toJson...
[2025-03-15 18:08:19] INFO: Aplicando plugin toObject...
[2025-03-15 18:08:20] INFO: Conectado a la base de datos...!
[2025-03-15 18:08:27] INFO: Aplicando plugin de timestamps...
[2025-03-15 18:08:27] INFO: Aplicando plugin toJson...
[2025-03-15 18:08:27] INFO: Aplicando plugin toObject...
[2025-03-15 18:08:27] INFO: Aplicando plugin de timestamps...
[2025-03-15 18:08:27] INFO: Aplicando plugin toJson...
[2025-03-15 18:08:27] INFO: Aplicando plugin toObject...
[2025-03-15 18:08:27] INFO: Aplicando plugin de timestamps...
[2025-03-15 18:08:27] INFO: Aplicando plugin toJson...
[2025-03-15 18:08:27] INFO: Aplicando plugin toObject...
[2025-03-15 18:08:27] INFO: Aplicando plugin de timestamps...
[2025-03-15 18:08:27] INFO: Aplicando plugin toJson...
[2025-03-15 18:08:27] INFO: Aplicando plugin toObject...
[2025-03-15 18:08:27] INFO: Aplicando plugin de timestamps...
[2025-03-15 18:08:27] INFO: Aplicando plugin toJson...
[2025-03-15 18:08:27] INFO: Aplicando plugin toObject...
[2025-03-15 18:08:27] INFO: Aplicando plugin de timestamps...
[2025-03-15 18:08:27] INFO: Aplicando plugin toJson...
[2025-03-15 18:08:27] INFO: Aplicando plugin toObject...
[2025-03-15 18:08:27] INFO: Aplicando plugin de timestamps...
[2025-03-15 18:08:27] INFO: Aplicando plugin toJson...
[2025-03-15 18:08:27] INFO: Aplicando plugin toObject...
[2025-03-15 18:08:27] INFO: Aplicando plugin de timestamps...
[2025-03-15 18:08:27] INFO: Aplicando plugin toJson...
[2025-03-15 18:08:27] INFO: Aplicando plugin toObject...
[2025-03-15 18:08:27] INFO: Aplicando plugin de timestamps...
[2025-03-15 18:08:27] INFO: Aplicando plugin toJson...
[2025-03-15 18:08:27] INFO: Aplicando plugin toObject...
[2025-03-15 18:08:27] INFO: Aplicando plugin de timestamps...
[2025-03-15 18:08:27] INFO: Aplicando plugin toJson...
[2025-03-15 18:08:27] INFO: Aplicando plugin toObject...
[2025-03-15 18:08:27] INFO: Aplicando plugin de timestamps...
[2025-03-15 18:08:27] INFO: Aplicando plugin toJson...
[2025-03-15 18:08:27] INFO: Aplicando plugin toObject...
[2025-03-15 18:08:27] INFO: Aplicando plugin de timestamps...
[2025-03-15 18:08:27] INFO: Aplicando plugin toJson...
[2025-03-15 18:08:27] INFO: Aplicando plugin toObject...
[2025-03-15 18:08:27] INFO: Aplicando plugin de timestamps...
[2025-03-15 18:08:27] INFO: Aplicando plugin toJson...
[2025-03-15 18:08:27] INFO: Aplicando plugin toObject...
[2025-03-15 18:08:27] INFO: Aplicando plugin de timestamps...
[2025-03-15 18:08:27] INFO: Aplicando plugin toJson...
[2025-03-15 18:08:27] INFO: Aplicando plugin toObject...
[2025-03-15 18:08:28] INFO: Conectado a la base de datos...!
[2025-03-15 18:09:30] INFO: Aplicando plugin de timestamps...
[2025-03-15 18:09:30] INFO: Aplicando plugin toJson...
[2025-03-15 18:09:30] INFO: Aplicando plugin toObject...
[2025-03-15 18:09:30] INFO: Aplicando plugin de timestamps...
[2025-03-15 18:09:30] INFO: Aplicando plugin toJson...
[2025-03-15 18:09:30] INFO: Aplicando plugin toObject...
[2025-03-15 18:09:30] INFO: Aplicando plugin de timestamps...
[2025-03-15 18:09:30] INFO: Aplicando plugin toJson...
[2025-03-15 18:09:30] INFO: Aplicando plugin toObject...
[2025-03-15 18:09:30] INFO: Aplicando plugin de timestamps...
[2025-03-15 18:09:30] INFO: Aplicando plugin toJson...
[2025-03-15 18:09:30] INFO: Aplicando plugin toObject...
[2025-03-15 18:09:30] INFO: Aplicando plugin de timestamps...
[2025-03-15 18:09:30] INFO: Aplicando plugin toJson...
[2025-03-15 18:09:30] INFO: Aplicando plugin toObject...
[2025-03-15 18:09:30] INFO: Aplicando plugin de timestamps...
[2025-03-15 18:09:30] INFO: Aplicando plugin toJson...
[2025-03-15 18:09:30] INFO: Aplicando plugin toObject...
[2025-03-15 18:09:30] INFO: Aplicando plugin de timestamps...
[2025-03-15 18:09:30] INFO: Aplicando plugin toJson...
[2025-03-15 18:09:30] INFO: Aplicando plugin toObject...
[2025-03-15 18:09:30] INFO: Aplicando plugin de timestamps...
[2025-03-15 18:09:30] INFO: Aplicando plugin toJson...
[2025-03-15 18:09:30] INFO: Aplicando plugin toObject...
[2025-03-15 18:09:30] INFO: Aplicando plugin de timestamps...
[2025-03-15 18:09:30] INFO: Aplicando plugin toJson...
[2025-03-15 18:09:30] INFO: Aplicando plugin toObject...
[2025-03-15 18:09:30] INFO: Aplicando plugin de timestamps...
[2025-03-15 18:09:30] INFO: Aplicando plugin toJson...
[2025-03-15 18:09:30] INFO: Aplicando plugin toObject...
[2025-03-15 18:09:30] INFO: Aplicando plugin de timestamps...
[2025-03-15 18:09:30] INFO: Aplicando plugin toJson...
[2025-03-15 18:09:30] INFO: Aplicando plugin toObject...
[2025-03-15 18:09:30] INFO: Aplicando plugin de timestamps...
[2025-03-15 18:09:30] INFO: Aplicando plugin toJson...
[2025-03-15 18:09:30] INFO: Aplicando plugin toObject...
[2025-03-15 18:09:30] INFO: Aplicando plugin de timestamps...
[2025-03-15 18:09:30] INFO: Aplicando plugin toJson...
[2025-03-15 18:09:30] INFO: Aplicando plugin toObject...
[2025-03-15 18:09:30] INFO: Aplicando plugin de timestamps...
[2025-03-15 18:09:30] INFO: Aplicando plugin toJson...
[2025-03-15 18:09:30] INFO: Aplicando plugin toObject...
[2025-03-15 18:09:31] INFO: Conectado a la base de datos...!
[2025-03-15 18:10:46] INFO: Aplicando plugin de timestamps...
[2025-03-15 18:10:46] INFO: Aplicando plugin toJson...
[2025-03-15 18:10:46] INFO: Aplicando plugin toObject...
[2025-03-15 18:10:46] INFO: Aplicando plugin de timestamps...
[2025-03-15 18:10:46] INFO: Aplicando plugin toJson...
[2025-03-15 18:10:46] INFO: Aplicando plugin toObject...
[2025-03-15 18:10:46] INFO: Aplicando plugin de timestamps...
[2025-03-15 18:10:46] INFO: Aplicando plugin toJson...
[2025-03-15 18:10:46] INFO: Aplicando plugin toObject...
[2025-03-15 18:10:46] INFO: Aplicando plugin de timestamps...
[2025-03-15 18:10:46] INFO: Aplicando plugin toJson...
[2025-03-15 18:10:46] INFO: Aplicando plugin toObject...
[2025-03-15 18:10:46] INFO: Aplicando plugin de timestamps...
[2025-03-15 18:10:46] INFO: Aplicando plugin toJson...
[2025-03-15 18:10:46] INFO: Aplicando plugin toObject...
[2025-03-15 18:10:46] INFO: Aplicando plugin de timestamps...
[2025-03-15 18:10:46] INFO: Aplicando plugin toJson...
[2025-03-15 18:10:46] INFO: Aplicando plugin toObject...
[2025-03-15 18:10:46] INFO: Aplicando plugin de timestamps...
[2025-03-15 18:10:46] INFO: Aplicando plugin toJson...
[2025-03-15 18:10:46] INFO: Aplicando plugin toObject...
[2025-03-15 18:10:46] INFO: Aplicando plugin de timestamps...
[2025-03-15 18:10:46] INFO: Aplicando plugin toJson...
[2025-03-15 18:10:46] INFO: Aplicando plugin toObject...
[2025-03-15 18:10:46] INFO: Aplicando plugin de timestamps...
[2025-03-15 18:10:46] INFO: Aplicando plugin toJson...
[2025-03-15 18:10:46] INFO: Aplicando plugin toObject...
[2025-03-15 18:10:46] INFO: Aplicando plugin de timestamps...
[2025-03-15 18:10:46] INFO: Aplicando plugin toJson...
[2025-03-15 18:10:46] INFO: Aplicando plugin toObject...
[2025-03-15 18:10:46] INFO: Aplicando plugin de timestamps...
[2025-03-15 18:10:46] INFO: Aplicando plugin toJson...
[2025-03-15 18:10:46] INFO: Aplicando plugin toObject...
[2025-03-15 18:10:46] INFO: Aplicando plugin de timestamps...
[2025-03-15 18:10:46] INFO: Aplicando plugin toJson...
[2025-03-15 18:10:46] INFO: Aplicando plugin toObject...
[2025-03-15 18:10:46] INFO: Aplicando plugin de timestamps...
[2025-03-15 18:10:46] INFO: Aplicando plugin toJson...
[2025-03-15 18:10:46] INFO: Aplicando plugin toObject...
[2025-03-15 18:10:46] INFO: Aplicando plugin de timestamps...
[2025-03-15 18:10:46] INFO: Aplicando plugin toJson...
[2025-03-15 18:10:46] INFO: Aplicando plugin toObject...
[2025-03-15 18:10:47] INFO: Conectado a la base de datos...!
[2025-03-15 18:12:11] INFO: Aplicando plugin de timestamps...
[2025-03-15 18:12:11] INFO: Aplicando plugin toJson...
[2025-03-15 18:12:11] INFO: Aplicando plugin toObject...
[2025-03-15 18:12:11] INFO: Aplicando plugin de timestamps...
[2025-03-15 18:12:11] INFO: Aplicando plugin toJson...
[2025-03-15 18:12:11] INFO: Aplicando plugin toObject...
[2025-03-15 18:12:11] INFO: Aplicando plugin de timestamps...
[2025-03-15 18:12:11] INFO: Aplicando plugin toJson...
[2025-03-15 18:12:11] INFO: Aplicando plugin toObject...
[2025-03-15 18:12:11] INFO: Aplicando plugin de timestamps...
[2025-03-15 18:12:11] INFO: Aplicando plugin toJson...
[2025-03-15 18:12:11] INFO: Aplicando plugin toObject...
[2025-03-15 18:12:11] INFO: Aplicando plugin de timestamps...
[2025-03-15 18:12:11] INFO: Aplicando plugin toJson...
[2025-03-15 18:12:11] INFO: Aplicando plugin toObject...
[2025-03-15 18:12:11] INFO: Aplicando plugin de timestamps...
[2025-03-15 18:12:11] INFO: Aplicando plugin toJson...
[2025-03-15 18:12:11] INFO: Aplicando plugin toObject...
[2025-03-15 18:12:11] INFO: Aplicando plugin de timestamps...
[2025-03-15 18:12:11] INFO: Aplicando plugin toJson...
[2025-03-15 18:12:11] INFO: Aplicando plugin toObject...
[2025-03-15 18:12:11] INFO: Aplicando plugin de timestamps...
[2025-03-15 18:12:11] INFO: Aplicando plugin toJson...
[2025-03-15 18:12:11] INFO: Aplicando plugin toObject...
[2025-03-15 18:12:11] INFO: Aplicando plugin de timestamps...
[2025-03-15 18:12:11] INFO: Aplicando plugin toJson...
[2025-03-15 18:12:11] INFO: Aplicando plugin toObject...
[2025-03-15 18:12:11] INFO: Aplicando plugin de timestamps...
[2025-03-15 18:12:11] INFO: Aplicando plugin toJson...
[2025-03-15 18:12:11] INFO: Aplicando plugin toObject...
[2025-03-15 18:12:11] INFO: Aplicando plugin de timestamps...
[2025-03-15 18:12:11] INFO: Aplicando plugin toJson...
[2025-03-15 18:12:11] INFO: Aplicando plugin toObject...
[2025-03-15 18:12:11] INFO: Aplicando plugin de timestamps...
[2025-03-15 18:12:11] INFO: Aplicando plugin toJson...
[2025-03-15 18:12:11] INFO: Aplicando plugin toObject...
[2025-03-15 18:12:11] INFO: Aplicando plugin de timestamps...
[2025-03-15 18:12:11] INFO: Aplicando plugin toJson...
[2025-03-15 18:12:11] INFO: Aplicando plugin toObject...
[2025-03-15 18:12:11] INFO: Aplicando plugin de timestamps...
[2025-03-15 18:12:11] INFO: Aplicando plugin toJson...
[2025-03-15 18:12:11] INFO: Aplicando plugin toObject...
[2025-03-15 18:12:12] INFO: Conectado a la base de datos...!
[2025-03-15 18:12:53] INFO: Aplicando plugin de timestamps...
[2025-03-15 18:12:53] INFO: Aplicando plugin toJson...
[2025-03-15 18:12:53] INFO: Aplicando plugin toObject...
[2025-03-15 18:12:53] INFO: Aplicando plugin de timestamps...
[2025-03-15 18:12:53] INFO: Aplicando plugin toJson...
[2025-03-15 18:12:53] INFO: Aplicando plugin toObject...
[2025-03-15 18:12:53] INFO: Aplicando plugin de timestamps...
[2025-03-15 18:12:53] INFO: Aplicando plugin toJson...
[2025-03-15 18:12:53] INFO: Aplicando plugin toObject...
[2025-03-15 18:12:53] INFO: Aplicando plugin de timestamps...
[2025-03-15 18:12:53] INFO: Aplicando plugin toJson...
[2025-03-15 18:12:53] INFO: Aplicando plugin toObject...
[2025-03-15 18:12:53] INFO: Aplicando plugin de timestamps...
[2025-03-15 18:12:53] INFO: Aplicando plugin toJson...
[2025-03-15 18:12:53] INFO: Aplicando plugin toObject...
[2025-03-15 18:12:53] INFO: Aplicando plugin de timestamps...
[2025-03-15 18:12:53] INFO: Aplicando plugin toJson...
[2025-03-15 18:12:53] INFO: Aplicando plugin toObject...
[2025-03-15 18:12:53] INFO: Aplicando plugin de timestamps...
[2025-03-15 18:12:53] INFO: Aplicando plugin toJson...
[2025-03-15 18:12:53] INFO: Aplicando plugin toObject...
[2025-03-15 18:12:53] INFO: Aplicando plugin de timestamps...
[2025-03-15 18:12:53] INFO: Aplicando plugin toJson...
[2025-03-15 18:12:53] INFO: Aplicando plugin toObject...
[2025-03-15 18:12:53] INFO: Aplicando plugin de timestamps...
[2025-03-15 18:12:53] INFO: Aplicando plugin toJson...
[2025-03-15 18:12:53] INFO: Aplicando plugin toObject...
[2025-03-15 18:12:53] INFO: Aplicando plugin de timestamps...
[2025-03-15 18:12:53] INFO: Aplicando plugin toJson...
[2025-03-15 18:12:53] INFO: Aplicando plugin toObject...
[2025-03-15 18:12:53] INFO: Aplicando plugin de timestamps...
[2025-03-15 18:12:53] INFO: Aplicando plugin toJson...
[2025-03-15 18:12:53] INFO: Aplicando plugin toObject...
[2025-03-15 18:12:53] INFO: Aplicando plugin de timestamps...
[2025-03-15 18:12:53] INFO: Aplicando plugin toJson...
[2025-03-15 18:12:53] INFO: Aplicando plugin toObject...
[2025-03-15 18:12:53] INFO: Aplicando plugin de timestamps...
[2025-03-15 18:12:53] INFO: Aplicando plugin toJson...
[2025-03-15 18:12:53] INFO: Aplicando plugin toObject...
[2025-03-15 18:12:53] INFO: Aplicando plugin de timestamps...
[2025-03-15 18:12:53] INFO: Aplicando plugin toJson...
[2025-03-15 18:12:53] INFO: Aplicando plugin toObject...
[2025-03-15 18:12:53] INFO: Conectado a la base de datos...!
[2025-03-15 18:13:25] INFO: Aplicando plugin de timestamps...
[2025-03-15 18:13:25] INFO: Aplicando plugin toJson...
[2025-03-15 18:13:25] INFO: Aplicando plugin toObject...
[2025-03-15 18:13:25] INFO: Aplicando plugin de timestamps...
[2025-03-15 18:13:25] INFO: Aplicando plugin toJson...
[2025-03-15 18:13:25] INFO: Aplicando plugin toObject...
[2025-03-15 18:13:25] INFO: Aplicando plugin de timestamps...
[2025-03-15 18:13:25] INFO: Aplicando plugin toJson...
[2025-03-15 18:13:25] INFO: Aplicando plugin toObject...
[2025-03-15 18:13:25] INFO: Aplicando plugin de timestamps...
[2025-03-15 18:13:25] INFO: Aplicando plugin toJson...
[2025-03-15 18:13:25] INFO: Aplicando plugin toObject...
[2025-03-15 18:13:25] INFO: Aplicando plugin de timestamps...
[2025-03-15 18:13:25] INFO: Aplicando plugin toJson...
[2025-03-15 18:13:25] INFO: Aplicando plugin toObject...
[2025-03-15 18:13:25] INFO: Aplicando plugin de timestamps...
[2025-03-15 18:13:26] INFO: Aplicando plugin toJson...
[2025-03-15 18:13:26] INFO: Aplicando plugin toObject...
[2025-03-15 18:13:26] INFO: Aplicando plugin de timestamps...
[2025-03-15 18:13:26] INFO: Aplicando plugin toJson...
[2025-03-15 18:13:26] INFO: Aplicando plugin toObject...
[2025-03-15 18:13:26] INFO: Aplicando plugin de timestamps...
[2025-03-15 18:13:26] INFO: Aplicando plugin toJson...
[2025-03-15 18:13:26] INFO: Aplicando plugin toObject...
[2025-03-15 18:13:26] INFO: Aplicando plugin de timestamps...
[2025-03-15 18:13:26] INFO: Aplicando plugin toJson...
[2025-03-15 18:13:26] INFO: Aplicando plugin toObject...
[2025-03-15 18:13:26] INFO: Aplicando plugin de timestamps...
[2025-03-15 18:13:26] INFO: Aplicando plugin toJson...
[2025-03-15 18:13:26] INFO: Aplicando plugin toObject...
[2025-03-15 18:13:26] INFO: Aplicando plugin de timestamps...
[2025-03-15 18:13:26] INFO: Aplicando plugin toJson...
[2025-03-15 18:13:26] INFO: Aplicando plugin toObject...
[2025-03-15 18:13:26] INFO: Aplicando plugin de timestamps...
[2025-03-15 18:13:26] INFO: Aplicando plugin toJson...
[2025-03-15 18:13:26] INFO: Aplicando plugin toObject...
[2025-03-15 18:13:26] INFO: Aplicando plugin de timestamps...
[2025-03-15 18:13:26] INFO: Aplicando plugin toJson...
[2025-03-15 18:13:26] INFO: Aplicando plugin toObject...
[2025-03-15 18:13:26] INFO: Aplicando plugin de timestamps...
[2025-03-15 18:13:26] INFO: Aplicando plugin toJson...
[2025-03-15 18:13:26] INFO: Aplicando plugin toObject...
[2025-03-15 18:13:26] INFO: Conectado a la base de datos...!
[2025-03-15 18:13:38] INFO: Aplicando plugin de timestamps...
[2025-03-15 18:13:38] INFO: Aplicando plugin toJson...
[2025-03-15 18:13:38] INFO: Aplicando plugin toObject...
[2025-03-15 18:13:38] INFO: Aplicando plugin de timestamps...
[2025-03-15 18:13:38] INFO: Aplicando plugin toJson...
[2025-03-15 18:13:38] INFO: Aplicando plugin toObject...
[2025-03-15 18:13:38] INFO: Aplicando plugin de timestamps...
[2025-03-15 18:13:38] INFO: Aplicando plugin toJson...
[2025-03-15 18:13:38] INFO: Aplicando plugin toObject...
[2025-03-15 18:13:38] INFO: Aplicando plugin de timestamps...
[2025-03-15 18:13:38] INFO: Aplicando plugin toJson...
[2025-03-15 18:13:38] INFO: Aplicando plugin toObject...
[2025-03-15 18:13:38] INFO: Aplicando plugin de timestamps...
[2025-03-15 18:13:38] INFO: Aplicando plugin toJson...
[2025-03-15 18:13:38] INFO: Aplicando plugin toObject...
[2025-03-15 18:13:38] INFO: Aplicando plugin de timestamps...
[2025-03-15 18:13:38] INFO: Aplicando plugin toJson...
[2025-03-15 18:13:38] INFO: Aplicando plugin toObject...
[2025-03-15 18:13:38] INFO: Aplicando plugin de timestamps...
[2025-03-15 18:13:38] INFO: Aplicando plugin toJson...
[2025-03-15 18:13:38] INFO: Aplicando plugin toObject...
[2025-03-15 18:13:38] INFO: Aplicando plugin de timestamps...
[2025-03-15 18:13:38] INFO: Aplicando plugin toJson...
[2025-03-15 18:13:38] INFO: Aplicando plugin toObject...
[2025-03-15 18:13:38] INFO: Aplicando plugin de timestamps...
[2025-03-15 18:13:38] INFO: Aplicando plugin toJson...
[2025-03-15 18:13:38] INFO: Aplicando plugin toObject...
[2025-03-15 18:13:38] INFO: Aplicando plugin de timestamps...
[2025-03-15 18:13:38] INFO: Aplicando plugin toJson...
[2025-03-15 18:13:38] INFO: Aplicando plugin toObject...
[2025-03-15 18:13:38] INFO: Aplicando plugin de timestamps...
[2025-03-15 18:13:38] INFO: Aplicando plugin toJson...
[2025-03-15 18:13:38] INFO: Aplicando plugin toObject...
[2025-03-15 18:13:38] INFO: Aplicando plugin de timestamps...
[2025-03-15 18:13:38] INFO: Aplicando plugin toJson...
[2025-03-15 18:13:38] INFO: Aplicando plugin toObject...
[2025-03-15 18:13:38] INFO: Aplicando plugin de timestamps...
[2025-03-15 18:13:38] INFO: Aplicando plugin toJson...
[2025-03-15 18:13:38] INFO: Aplicando plugin toObject...
[2025-03-15 18:13:38] INFO: Aplicando plugin de timestamps...
[2025-03-15 18:13:38] INFO: Aplicando plugin toJson...
[2025-03-15 18:13:38] INFO: Aplicando plugin toObject...
[2025-03-15 18:13:39] INFO: Conectado a la base de datos...!
[2025-03-15 18:16:29] INFO: Aplicando plugin de timestamps...
[2025-03-15 18:16:29] INFO: Aplicando plugin toJson...
[2025-03-15 18:16:29] INFO: Aplicando plugin toObject...
[2025-03-15 18:16:29] INFO: Aplicando plugin de timestamps...
[2025-03-15 18:16:29] INFO: Aplicando plugin toJson...
[2025-03-15 18:16:29] INFO: Aplicando plugin toObject...
[2025-03-15 18:16:29] INFO: Aplicando plugin de timestamps...
[2025-03-15 18:16:29] INFO: Aplicando plugin toJson...
[2025-03-15 18:16:29] INFO: Aplicando plugin toObject...
[2025-03-15 18:16:29] INFO: Aplicando plugin de timestamps...
[2025-03-15 18:16:29] INFO: Aplicando plugin toJson...
[2025-03-15 18:16:29] INFO: Aplicando plugin toObject...
[2025-03-15 18:16:29] INFO: Aplicando plugin de timestamps...
[2025-03-15 18:16:29] INFO: Aplicando plugin toJson...
[2025-03-15 18:16:29] INFO: Aplicando plugin toObject...
[2025-03-15 18:16:29] INFO: Aplicando plugin de timestamps...
[2025-03-15 18:16:29] INFO: Aplicando plugin toJson...
[2025-03-15 18:16:29] INFO: Aplicando plugin toObject...
[2025-03-15 18:16:29] INFO: Aplicando plugin de timestamps...
[2025-03-15 18:16:29] INFO: Aplicando plugin toJson...
[2025-03-15 18:16:29] INFO: Aplicando plugin toObject...
[2025-03-15 18:16:29] INFO: Aplicando plugin de timestamps...
[2025-03-15 18:16:29] INFO: Aplicando plugin toJson...
[2025-03-15 18:16:29] INFO: Aplicando plugin toObject...
[2025-03-15 18:16:29] INFO: Aplicando plugin de timestamps...
[2025-03-15 18:16:29] INFO: Aplicando plugin toJson...
[2025-03-15 18:16:29] INFO: Aplicando plugin toObject...
[2025-03-15 18:16:29] INFO: Aplicando plugin de timestamps...
[2025-03-15 18:16:29] INFO: Aplicando plugin toJson...
[2025-03-15 18:16:29] INFO: Aplicando plugin toObject...
[2025-03-15 18:16:29] INFO: Aplicando plugin de timestamps...
[2025-03-15 18:16:29] INFO: Aplicando plugin toJson...
[2025-03-15 18:16:29] INFO: Aplicando plugin toObject...
[2025-03-15 18:16:29] INFO: Aplicando plugin de timestamps...
[2025-03-15 18:16:29] INFO: Aplicando plugin toJson...
[2025-03-15 18:16:29] INFO: Aplicando plugin toObject...
[2025-03-15 18:16:29] INFO: Aplicando plugin de timestamps...
[2025-03-15 18:16:29] INFO: Aplicando plugin toJson...
[2025-03-15 18:16:29] INFO: Aplicando plugin toObject...
[2025-03-15 18:16:29] INFO: Aplicando plugin de timestamps...
[2025-03-15 18:16:29] INFO: Aplicando plugin toJson...
[2025-03-15 18:16:29] INFO: Aplicando plugin toObject...
[2025-03-15 18:16:30] INFO: Conectado a la base de datos...!
[2025-03-15 18:20:49] INFO: Aplicando plugin de timestamps...
[2025-03-15 18:20:49] INFO: Aplicando plugin toJson...
[2025-03-15 18:20:49] INFO: Aplicando plugin toObject...
[2025-03-15 18:20:49] INFO: Aplicando plugin de timestamps...
[2025-03-15 18:20:49] INFO: Aplicando plugin toJson...
[2025-03-15 18:20:49] INFO: Aplicando plugin toObject...
[2025-03-15 18:20:49] INFO: Aplicando plugin de timestamps...
[2025-03-15 18:20:49] INFO: Aplicando plugin toJson...
[2025-03-15 18:20:49] INFO: Aplicando plugin toObject...
[2025-03-15 18:20:49] INFO: Aplicando plugin de timestamps...
[2025-03-15 18:20:49] INFO: Aplicando plugin toJson...
[2025-03-15 18:20:49] INFO: Aplicando plugin toObject...
[2025-03-15 18:20:49] INFO: Aplicando plugin de timestamps...
[2025-03-15 18:20:49] INFO: Aplicando plugin toJson...
[2025-03-15 18:20:49] INFO: Aplicando plugin toObject...
[2025-03-15 18:20:49] INFO: Aplicando plugin de timestamps...
[2025-03-15 18:20:49] INFO: Aplicando plugin toJson...
[2025-03-15 18:20:49] INFO: Aplicando plugin toObject...
[2025-03-15 18:20:49] INFO: Aplicando plugin de timestamps...
[2025-03-15 18:20:49] INFO: Aplicando plugin toJson...
[2025-03-15 18:20:49] INFO: Aplicando plugin toObject...
[2025-03-15 18:20:49] INFO: Aplicando plugin de timestamps...
[2025-03-15 18:20:49] INFO: Aplicando plugin toJson...
[2025-03-15 18:20:49] INFO: Aplicando plugin toObject...
[2025-03-15 18:20:49] INFO: Aplicando plugin de timestamps...
[2025-03-15 18:20:49] INFO: Aplicando plugin toJson...
[2025-03-15 18:20:49] INFO: Aplicando plugin toObject...
[2025-03-15 18:20:49] INFO: Aplicando plugin de timestamps...
[2025-03-15 18:20:49] INFO: Aplicando plugin toJson...
[2025-03-15 18:20:49] INFO: Aplicando plugin toObject...
[2025-03-15 18:20:49] INFO: Aplicando plugin de timestamps...
[2025-03-15 18:20:49] INFO: Aplicando plugin toJson...
[2025-03-15 18:20:49] INFO: Aplicando plugin toObject...
[2025-03-15 18:20:49] INFO: Aplicando plugin de timestamps...
[2025-03-15 18:20:49] INFO: Aplicando plugin toJson...
[2025-03-15 18:20:49] INFO: Aplicando plugin toObject...
[2025-03-15 18:20:49] INFO: Aplicando plugin de timestamps...
[2025-03-15 18:20:49] INFO: Aplicando plugin toJson...
[2025-03-15 18:20:49] INFO: Aplicando plugin toObject...
[2025-03-15 18:20:49] INFO: Aplicando plugin de timestamps...
[2025-03-15 18:20:49] INFO: Aplicando plugin toJson...
[2025-03-15 18:20:49] INFO: Aplicando plugin toObject...
[2025-03-15 18:20:49] INFO: Conectado a la base de datos...!
[2025-03-15 18:21:29] INFO: Aplicando plugin de timestamps...
[2025-03-15 18:21:29] INFO: Aplicando plugin toJson...
[2025-03-15 18:21:29] INFO: Aplicando plugin toObject...
[2025-03-15 18:21:29] INFO: Aplicando plugin de timestamps...
[2025-03-15 18:21:29] INFO: Aplicando plugin toJson...
[2025-03-15 18:21:29] INFO: Aplicando plugin toObject...
[2025-03-15 18:21:29] INFO: Aplicando plugin de timestamps...
[2025-03-15 18:21:29] INFO: Aplicando plugin toJson...
[2025-03-15 18:21:29] INFO: Aplicando plugin toObject...
[2025-03-15 18:21:29] INFO: Aplicando plugin de timestamps...
[2025-03-15 18:21:29] INFO: Aplicando plugin toJson...
[2025-03-15 18:21:29] INFO: Aplicando plugin toObject...
[2025-03-15 18:21:29] INFO: Aplicando plugin de timestamps...
[2025-03-15 18:21:29] INFO: Aplicando plugin toJson...
[2025-03-15 18:21:29] INFO: Aplicando plugin toObject...
[2025-03-15 18:21:29] INFO: Aplicando plugin de timestamps...
[2025-03-15 18:21:29] INFO: Aplicando plugin toJson...
[2025-03-15 18:21:29] INFO: Aplicando plugin toObject...
[2025-03-15 18:21:29] INFO: Aplicando plugin de timestamps...
[2025-03-15 18:21:29] INFO: Aplicando plugin toJson...
[2025-03-15 18:21:29] INFO: Aplicando plugin toObject...
[2025-03-15 18:21:29] INFO: Aplicando plugin de timestamps...
[2025-03-15 18:21:29] INFO: Aplicando plugin toJson...
[2025-03-15 18:21:29] INFO: Aplicando plugin toObject...
[2025-03-15 18:21:29] INFO: Aplicando plugin de timestamps...
[2025-03-15 18:21:29] INFO: Aplicando plugin toJson...
[2025-03-15 18:21:29] INFO: Aplicando plugin toObject...
[2025-03-15 18:21:29] INFO: Aplicando plugin de timestamps...
[2025-03-15 18:21:29] INFO: Aplicando plugin toJson...
[2025-03-15 18:21:29] INFO: Aplicando plugin toObject...
[2025-03-15 18:21:29] INFO: Aplicando plugin de timestamps...
[2025-03-15 18:21:29] INFO: Aplicando plugin toJson...
[2025-03-15 18:21:29] INFO: Aplicando plugin toObject...
[2025-03-15 18:21:29] INFO: Aplicando plugin de timestamps...
[2025-03-15 18:21:29] INFO: Aplicando plugin toJson...
[2025-03-15 18:21:29] INFO: Aplicando plugin toObject...
[2025-03-15 18:21:29] INFO: Aplicando plugin de timestamps...
[2025-03-15 18:21:29] INFO: Aplicando plugin toJson...
[2025-03-15 18:21:29] INFO: Aplicando plugin toObject...
[2025-03-15 18:21:29] INFO: Aplicando plugin de timestamps...
[2025-03-15 18:21:29] INFO: Aplicando plugin toJson...
[2025-03-15 18:21:29] INFO: Aplicando plugin toObject...
[2025-03-15 18:21:30] INFO: Conectado a la base de datos...!
[2025-03-15 18:21:46] INFO: [object Object]
[2025-03-15 18:21:46] INFO: Generated token para user-admin: eyJhbGciOiJIUzI1NiIsInR5cCI6IkpXVCJ9.eyJ1c2VySWQiOiI2N2Q1ZThhODczZTQxOWEwNmM0MGQ2NWUiLCJyb2xlIjoiYWRtaW4iLCJlbmFibGVkIjp0cnVlLCJpYXQiOjE3NDIwNzM3MDYsImV4cCI6MTc0MjA3NzMwNn0.cNU3TkxLjdbxmNh3_hLfeYhDHratcBw5h5GKXoUHSBA
[2025-03-15 18:22:23] INFO: Aplicando plugin de timestamps...
[2025-03-15 18:22:23] INFO: Aplicando plugin toJson...
[2025-03-15 18:22:23] INFO: Aplicando plugin toObject...
[2025-03-15 18:22:23] INFO: Aplicando plugin de timestamps...
[2025-03-15 18:22:23] INFO: Aplicando plugin toJson...
[2025-03-15 18:22:23] INFO: Aplicando plugin toObject...
[2025-03-15 18:22:23] INFO: Aplicando plugin de timestamps...
[2025-03-15 18:22:23] INFO: Aplicando plugin toJson...
[2025-03-15 18:22:23] INFO: Aplicando plugin toObject...
[2025-03-15 18:22:23] INFO: Aplicando plugin de timestamps...
[2025-03-15 18:22:23] INFO: Aplicando plugin toJson...
[2025-03-15 18:22:23] INFO: Aplicando plugin toObject...
[2025-03-15 18:22:23] INFO: Aplicando plugin de timestamps...
[2025-03-15 18:22:23] INFO: Aplicando plugin toJson...
[2025-03-15 18:22:23] INFO: Aplicando plugin toObject...
[2025-03-15 18:22:23] INFO: Aplicando plugin de timestamps...
[2025-03-15 18:22:23] INFO: Aplicando plugin toJson...
[2025-03-15 18:22:23] INFO: Aplicando plugin toObject...
[2025-03-15 18:22:23] INFO: Aplicando plugin de timestamps...
[2025-03-15 18:22:23] INFO: Aplicando plugin toJson...
[2025-03-15 18:22:23] INFO: Aplicando plugin toObject...
[2025-03-15 18:22:23] INFO: Aplicando plugin de timestamps...
[2025-03-15 18:22:23] INFO: Aplicando plugin toJson...
[2025-03-15 18:22:23] INFO: Aplicando plugin toObject...
[2025-03-15 18:22:23] INFO: Aplicando plugin de timestamps...
[2025-03-15 18:22:23] INFO: Aplicando plugin toJson...
[2025-03-15 18:22:23] INFO: Aplicando plugin toObject...
[2025-03-15 18:22:23] INFO: Aplicando plugin de timestamps...
[2025-03-15 18:22:23] INFO: Aplicando plugin toJson...
[2025-03-15 18:22:23] INFO: Aplicando plugin toObject...
[2025-03-15 18:22:23] INFO: Aplicando plugin de timestamps...
[2025-03-15 18:22:23] INFO: Aplicando plugin toJson...
[2025-03-15 18:22:23] INFO: Aplicando plugin toObject...
[2025-03-15 18:22:23] INFO: Aplicando plugin de timestamps...
[2025-03-15 18:22:23] INFO: Aplicando plugin toJson...
[2025-03-15 18:22:23] INFO: Aplicando plugin toObject...
[2025-03-15 18:22:23] INFO: Aplicando plugin de timestamps...
[2025-03-15 18:22:23] INFO: Aplicando plugin toJson...
[2025-03-15 18:22:23] INFO: Aplicando plugin toObject...
[2025-03-15 18:22:23] INFO: Aplicando plugin de timestamps...
[2025-03-15 18:22:23] INFO: Aplicando plugin toJson...
[2025-03-15 18:22:23] INFO: Aplicando plugin toObject...
[2025-03-15 18:22:23] INFO: Conectado a la base de datos...!
[2025-03-15 18:22:35] INFO: Generated token para user-admin: eyJhbGciOiJIUzI1NiIsInR5cCI6IkpXVCJ9.eyJ1c2VySWQiOiI2N2Q1ZWY5YjczZTQxOWEwNmM0MGQ2NWYiLCJyb2xlIjoiYWRtaW4iLCJlbmFibGVkIjp0cnVlLCJpYXQiOjE3NDIwNzM3NTUsImV4cCI6MTc0MjA3NzM1NX0.52ZbvGVhgfmqGEfGVNi9bDsYl56xaHsKNz0Wef5SEUE
[2025-03-15 18:45:37] INFO: Aplicando plugin de timestamps...
[2025-03-15 18:45:37] INFO: Aplicando plugin toJson...
[2025-03-15 18:45:37] INFO: Aplicando plugin toObject...
[2025-03-15 18:45:37] INFO: Aplicando plugin de timestamps...
[2025-03-15 18:45:37] INFO: Aplicando plugin toJson...
[2025-03-15 18:45:37] INFO: Aplicando plugin toObject...
[2025-03-15 18:45:37] INFO: Aplicando plugin de timestamps...
[2025-03-15 18:45:37] INFO: Aplicando plugin toJson...
[2025-03-15 18:45:37] INFO: Aplicando plugin toObject...
[2025-03-15 18:45:37] INFO: Aplicando plugin de timestamps...
[2025-03-15 18:45:37] INFO: Aplicando plugin toJson...
[2025-03-15 18:45:37] INFO: Aplicando plugin toObject...
[2025-03-15 18:45:37] INFO: Aplicando plugin de timestamps...
[2025-03-15 18:45:37] INFO: Aplicando plugin toJson...
[2025-03-15 18:45:37] INFO: Aplicando plugin toObject...
[2025-03-15 18:45:37] INFO: Aplicando plugin de timestamps...
[2025-03-15 18:45:37] INFO: Aplicando plugin toJson...
[2025-03-15 18:45:37] INFO: Aplicando plugin toObject...
[2025-03-15 18:45:37] INFO: Aplicando plugin de timestamps...
[2025-03-15 18:45:37] INFO: Aplicando plugin toJson...
[2025-03-15 18:45:37] INFO: Aplicando plugin toObject...
[2025-03-15 18:45:37] INFO: Aplicando plugin de timestamps...
[2025-03-15 18:45:37] INFO: Aplicando plugin toJson...
[2025-03-15 18:45:37] INFO: Aplicando plugin toObject...
[2025-03-15 18:45:37] INFO: Aplicando plugin de timestamps...
[2025-03-15 18:45:37] INFO: Aplicando plugin toJson...
[2025-03-15 18:45:37] INFO: Aplicando plugin toObject...
[2025-03-15 18:45:37] INFO: Aplicando plugin de timestamps...
[2025-03-15 18:45:37] INFO: Aplicando plugin toJson...
[2025-03-15 18:45:37] INFO: Aplicando plugin toObject...
[2025-03-15 18:45:37] INFO: Aplicando plugin de timestamps...
[2025-03-15 18:45:37] INFO: Aplicando plugin toJson...
[2025-03-15 18:45:37] INFO: Aplicando plugin toObject...
[2025-03-15 18:45:37] INFO: Aplicando plugin de timestamps...
[2025-03-15 18:45:37] INFO: Aplicando plugin toJson...
[2025-03-15 18:45:37] INFO: Aplicando plugin toObject...
[2025-03-15 18:45:37] INFO: Aplicando plugin de timestamps...
[2025-03-15 18:45:37] INFO: Aplicando plugin toJson...
[2025-03-15 18:45:37] INFO: Aplicando plugin toObject...
[2025-03-15 18:45:37] INFO: Aplicando plugin de timestamps...
[2025-03-15 18:45:37] INFO: Aplicando plugin toJson...
[2025-03-15 18:45:37] INFO: Aplicando plugin toObject...
[2025-03-15 18:45:37] INFO: Conectado a la base de datos...!
[2025-03-15 18:46:55] INFO: Aplicando plugin de timestamps...
[2025-03-15 18:46:55] INFO: Aplicando plugin toJson...
[2025-03-15 18:46:55] INFO: Aplicando plugin toObject...
[2025-03-15 18:46:55] INFO: Aplicando plugin de timestamps...
[2025-03-15 18:46:55] INFO: Aplicando plugin toJson...
[2025-03-15 18:46:55] INFO: Aplicando plugin toObject...
[2025-03-15 18:46:55] INFO: Aplicando plugin de timestamps...
[2025-03-15 18:46:55] INFO: Aplicando plugin toJson...
[2025-03-15 18:46:55] INFO: Aplicando plugin toObject...
[2025-03-15 18:46:55] INFO: Aplicando plugin de timestamps...
[2025-03-15 18:46:55] INFO: Aplicando plugin toJson...
[2025-03-15 18:46:55] INFO: Aplicando plugin toObject...
[2025-03-15 18:46:55] INFO: Aplicando plugin de timestamps...
[2025-03-15 18:46:55] INFO: Aplicando plugin toJson...
[2025-03-15 18:46:55] INFO: Aplicando plugin toObject...
[2025-03-15 18:46:55] INFO: Aplicando plugin de timestamps...
[2025-03-15 18:46:55] INFO: Aplicando plugin toJson...
[2025-03-15 18:46:55] INFO: Aplicando plugin toObject...
[2025-03-15 18:46:55] INFO: Aplicando plugin de timestamps...
[2025-03-15 18:46:55] INFO: Aplicando plugin toJson...
[2025-03-15 18:46:55] INFO: Aplicando plugin toObject...
[2025-03-15 18:46:55] INFO: Aplicando plugin de timestamps...
[2025-03-15 18:46:55] INFO: Aplicando plugin toJson...
[2025-03-15 18:46:55] INFO: Aplicando plugin toObject...
[2025-03-15 18:46:55] INFO: Aplicando plugin de timestamps...
[2025-03-15 18:46:55] INFO: Aplicando plugin toJson...
[2025-03-15 18:46:55] INFO: Aplicando plugin toObject...
[2025-03-15 18:46:55] INFO: Aplicando plugin de timestamps...
[2025-03-15 18:46:55] INFO: Aplicando plugin toJson...
[2025-03-15 18:46:55] INFO: Aplicando plugin toObject...
[2025-03-15 18:46:55] INFO: Aplicando plugin de timestamps...
[2025-03-15 18:46:55] INFO: Aplicando plugin toJson...
[2025-03-15 18:46:55] INFO: Aplicando plugin toObject...
[2025-03-15 18:46:55] INFO: Aplicando plugin de timestamps...
[2025-03-15 18:46:55] INFO: Aplicando plugin toJson...
[2025-03-15 18:46:55] INFO: Aplicando plugin toObject...
[2025-03-15 18:46:55] INFO: Aplicando plugin de timestamps...
[2025-03-15 18:46:55] INFO: Aplicando plugin toJson...
[2025-03-15 18:46:55] INFO: Aplicando plugin toObject...
[2025-03-15 18:46:55] INFO: Aplicando plugin de timestamps...
[2025-03-15 18:46:55] INFO: Aplicando plugin toJson...
[2025-03-15 18:46:55] INFO: Aplicando plugin toObject...
[2025-03-15 18:46:55] INFO: Conectado a la base de datos...!
[2025-03-15 18:47:34] INFO: Aplicando plugin de timestamps...
[2025-03-15 18:47:34] INFO: Aplicando plugin toJson...
[2025-03-15 18:47:34] INFO: Aplicando plugin toObject...
[2025-03-15 18:47:34] INFO: Aplicando plugin de timestamps...
[2025-03-15 18:47:34] INFO: Aplicando plugin toJson...
[2025-03-15 18:47:34] INFO: Aplicando plugin toObject...
[2025-03-15 18:47:34] INFO: Aplicando plugin de timestamps...
[2025-03-15 18:47:34] INFO: Aplicando plugin toJson...
[2025-03-15 18:47:34] INFO: Aplicando plugin toObject...
[2025-03-15 18:47:34] INFO: Aplicando plugin de timestamps...
[2025-03-15 18:47:34] INFO: Aplicando plugin toJson...
[2025-03-15 18:47:34] INFO: Aplicando plugin toObject...
[2025-03-15 18:47:34] INFO: Aplicando plugin de timestamps...
[2025-03-15 18:47:34] INFO: Aplicando plugin toJson...
[2025-03-15 18:47:34] INFO: Aplicando plugin toObject...
[2025-03-15 18:47:34] INFO: Aplicando plugin de timestamps...
[2025-03-15 18:47:34] INFO: Aplicando plugin toJson...
[2025-03-15 18:47:34] INFO: Aplicando plugin toObject...
[2025-03-15 18:47:35] INFO: Aplicando plugin de timestamps...
[2025-03-15 18:47:35] INFO: Aplicando plugin toJson...
[2025-03-15 18:47:35] INFO: Aplicando plugin toObject...
[2025-03-15 18:47:35] INFO: Aplicando plugin de timestamps...
[2025-03-15 18:47:35] INFO: Aplicando plugin toJson...
[2025-03-15 18:47:35] INFO: Aplicando plugin toObject...
[2025-03-15 18:47:35] INFO: Aplicando plugin de timestamps...
[2025-03-15 18:47:35] INFO: Aplicando plugin toJson...
[2025-03-15 18:47:35] INFO: Aplicando plugin toObject...
[2025-03-15 18:47:35] INFO: Aplicando plugin de timestamps...
[2025-03-15 18:47:35] INFO: Aplicando plugin toJson...
[2025-03-15 18:47:35] INFO: Aplicando plugin toObject...
[2025-03-15 18:47:35] INFO: Aplicando plugin de timestamps...
[2025-03-15 18:47:35] INFO: Aplicando plugin toJson...
[2025-03-15 18:47:35] INFO: Aplicando plugin toObject...
[2025-03-15 18:47:35] INFO: Aplicando plugin de timestamps...
[2025-03-15 18:47:35] INFO: Aplicando plugin toJson...
[2025-03-15 18:47:35] INFO: Aplicando plugin toObject...
[2025-03-15 18:47:35] INFO: Aplicando plugin de timestamps...
[2025-03-15 18:47:35] INFO: Aplicando plugin toJson...
[2025-03-15 18:47:35] INFO: Aplicando plugin toObject...
[2025-03-15 18:47:35] INFO: Aplicando plugin de timestamps...
[2025-03-15 18:47:35] INFO: Aplicando plugin toJson...
[2025-03-15 18:47:35] INFO: Aplicando plugin toObject...
[2025-03-15 18:47:35] INFO: Conectado a la base de datos...!
[2025-03-15 18:48:42] INFO: Aplicando plugin de timestamps...
[2025-03-15 18:48:42] INFO: Aplicando plugin toJson...
[2025-03-15 18:48:42] INFO: Aplicando plugin toObject...
[2025-03-15 18:48:42] INFO: Aplicando plugin de timestamps...
[2025-03-15 18:48:42] INFO: Aplicando plugin toJson...
[2025-03-15 18:48:42] INFO: Aplicando plugin toObject...
[2025-03-15 18:48:42] INFO: Aplicando plugin de timestamps...
[2025-03-15 18:48:42] INFO: Aplicando plugin toJson...
[2025-03-15 18:48:42] INFO: Aplicando plugin toObject...
[2025-03-15 18:48:42] INFO: Aplicando plugin de timestamps...
[2025-03-15 18:48:42] INFO: Aplicando plugin toJson...
[2025-03-15 18:48:42] INFO: Aplicando plugin toObject...
[2025-03-15 18:48:42] INFO: Aplicando plugin de timestamps...
[2025-03-15 18:48:42] INFO: Aplicando plugin toJson...
[2025-03-15 18:48:42] INFO: Aplicando plugin toObject...
[2025-03-15 18:48:42] INFO: Aplicando plugin de timestamps...
[2025-03-15 18:48:42] INFO: Aplicando plugin toJson...
[2025-03-15 18:48:42] INFO: Aplicando plugin toObject...
[2025-03-15 18:48:42] INFO: Aplicando plugin de timestamps...
[2025-03-15 18:48:42] INFO: Aplicando plugin toJson...
[2025-03-15 18:48:42] INFO: Aplicando plugin toObject...
[2025-03-15 18:48:42] INFO: Aplicando plugin de timestamps...
[2025-03-15 18:48:42] INFO: Aplicando plugin toJson...
[2025-03-15 18:48:42] INFO: Aplicando plugin toObject...
[2025-03-15 18:48:42] INFO: Aplicando plugin de timestamps...
[2025-03-15 18:48:42] INFO: Aplicando plugin toJson...
[2025-03-15 18:48:42] INFO: Aplicando plugin toObject...
[2025-03-15 18:48:42] INFO: Aplicando plugin de timestamps...
[2025-03-15 18:48:42] INFO: Aplicando plugin toJson...
[2025-03-15 18:48:42] INFO: Aplicando plugin toObject...
[2025-03-15 18:48:42] INFO: Aplicando plugin de timestamps...
[2025-03-15 18:48:42] INFO: Aplicando plugin toJson...
[2025-03-15 18:48:42] INFO: Aplicando plugin toObject...
[2025-03-15 18:48:42] INFO: Aplicando plugin de timestamps...
[2025-03-15 18:48:42] INFO: Aplicando plugin toJson...
[2025-03-15 18:48:42] INFO: Aplicando plugin toObject...
[2025-03-15 18:48:42] INFO: Aplicando plugin de timestamps...
[2025-03-15 18:48:42] INFO: Aplicando plugin toJson...
[2025-03-15 18:48:42] INFO: Aplicando plugin toObject...
[2025-03-15 18:48:42] INFO: Aplicando plugin de timestamps...
[2025-03-15 18:48:42] INFO: Aplicando plugin toJson...
[2025-03-15 18:48:42] INFO: Aplicando plugin toObject...
[2025-03-15 18:48:42] INFO: Conectado a la base de datos...!
[2025-03-15 18:49:54] INFO: Aplicando plugin de timestamps...
[2025-03-15 18:49:54] INFO: Aplicando plugin toJson...
[2025-03-15 18:49:54] INFO: Aplicando plugin toObject...
[2025-03-15 18:49:54] INFO: Aplicando plugin de timestamps...
[2025-03-15 18:49:54] INFO: Aplicando plugin toJson...
[2025-03-15 18:49:54] INFO: Aplicando plugin toObject...
[2025-03-15 18:49:54] INFO: Aplicando plugin de timestamps...
[2025-03-15 18:49:54] INFO: Aplicando plugin toJson...
[2025-03-15 18:49:54] INFO: Aplicando plugin toObject...
[2025-03-15 18:49:54] INFO: Aplicando plugin de timestamps...
[2025-03-15 18:49:54] INFO: Aplicando plugin toJson...
[2025-03-15 18:49:54] INFO: Aplicando plugin toObject...
[2025-03-15 18:49:54] INFO: Aplicando plugin de timestamps...
[2025-03-15 18:49:54] INFO: Aplicando plugin toJson...
[2025-03-15 18:49:54] INFO: Aplicando plugin toObject...
[2025-03-15 18:49:54] INFO: Aplicando plugin de timestamps...
[2025-03-15 18:49:54] INFO: Aplicando plugin toJson...
[2025-03-15 18:49:54] INFO: Aplicando plugin toObject...
[2025-03-15 18:49:54] INFO: Aplicando plugin de timestamps...
[2025-03-15 18:49:54] INFO: Aplicando plugin toJson...
[2025-03-15 18:49:54] INFO: Aplicando plugin toObject...
[2025-03-15 18:49:54] INFO: Aplicando plugin de timestamps...
[2025-03-15 18:49:54] INFO: Aplicando plugin toJson...
[2025-03-15 18:49:54] INFO: Aplicando plugin toObject...
[2025-03-15 18:49:54] INFO: Aplicando plugin de timestamps...
[2025-03-15 18:49:54] INFO: Aplicando plugin toJson...
[2025-03-15 18:49:54] INFO: Aplicando plugin toObject...
[2025-03-15 18:49:54] INFO: Aplicando plugin de timestamps...
[2025-03-15 18:49:54] INFO: Aplicando plugin toJson...
[2025-03-15 18:49:54] INFO: Aplicando plugin toObject...
[2025-03-15 18:49:54] INFO: Aplicando plugin de timestamps...
[2025-03-15 18:49:54] INFO: Aplicando plugin toJson...
[2025-03-15 18:49:54] INFO: Aplicando plugin toObject...
[2025-03-15 18:49:54] INFO: Aplicando plugin de timestamps...
[2025-03-15 18:49:54] INFO: Aplicando plugin toJson...
[2025-03-15 18:49:54] INFO: Aplicando plugin toObject...
[2025-03-15 18:49:54] INFO: Aplicando plugin de timestamps...
[2025-03-15 18:49:54] INFO: Aplicando plugin toJson...
[2025-03-15 18:49:54] INFO: Aplicando plugin toObject...
[2025-03-15 18:49:54] INFO: Aplicando plugin de timestamps...
[2025-03-15 18:49:54] INFO: Aplicando plugin toJson...
[2025-03-15 18:49:54] INFO: Aplicando plugin toObject...
[2025-03-15 18:49:54] INFO: Conectado a la base de datos...!
[2025-03-15 18:50:53] INFO: Aplicando plugin de timestamps...
[2025-03-15 18:50:53] INFO: Aplicando plugin toJson...
[2025-03-15 18:50:53] INFO: Aplicando plugin toObject...
[2025-03-15 18:50:53] INFO: Aplicando plugin de timestamps...
[2025-03-15 18:50:53] INFO: Aplicando plugin toJson...
[2025-03-15 18:50:53] INFO: Aplicando plugin toObject...
[2025-03-15 18:50:53] INFO: Aplicando plugin de timestamps...
[2025-03-15 18:50:53] INFO: Aplicando plugin toJson...
[2025-03-15 18:50:53] INFO: Aplicando plugin toObject...
[2025-03-15 18:50:53] INFO: Aplicando plugin de timestamps...
[2025-03-15 18:50:53] INFO: Aplicando plugin toJson...
[2025-03-15 18:50:53] INFO: Aplicando plugin toObject...
[2025-03-15 18:50:53] INFO: Aplicando plugin de timestamps...
[2025-03-15 18:50:53] INFO: Aplicando plugin toJson...
[2025-03-15 18:50:53] INFO: Aplicando plugin toObject...
[2025-03-15 18:50:53] INFO: Aplicando plugin de timestamps...
[2025-03-15 18:50:53] INFO: Aplicando plugin toJson...
[2025-03-15 18:50:53] INFO: Aplicando plugin toObject...
[2025-03-15 18:50:53] INFO: Aplicando plugin de timestamps...
[2025-03-15 18:50:53] INFO: Aplicando plugin toJson...
[2025-03-15 18:50:53] INFO: Aplicando plugin toObject...
[2025-03-15 18:50:53] INFO: Aplicando plugin de timestamps...
[2025-03-15 18:50:53] INFO: Aplicando plugin toJson...
[2025-03-15 18:50:53] INFO: Aplicando plugin toObject...
[2025-03-15 18:50:53] INFO: Aplicando plugin de timestamps...
[2025-03-15 18:50:53] INFO: Aplicando plugin toJson...
[2025-03-15 18:50:53] INFO: Aplicando plugin toObject...
[2025-03-15 18:50:53] INFO: Aplicando plugin de timestamps...
[2025-03-15 18:50:53] INFO: Aplicando plugin toJson...
[2025-03-15 18:50:53] INFO: Aplicando plugin toObject...
[2025-03-15 18:50:53] INFO: Aplicando plugin de timestamps...
[2025-03-15 18:50:53] INFO: Aplicando plugin toJson...
[2025-03-15 18:50:53] INFO: Aplicando plugin toObject...
[2025-03-15 18:50:53] INFO: Aplicando plugin de timestamps...
[2025-03-15 18:50:53] INFO: Aplicando plugin toJson...
[2025-03-15 18:50:53] INFO: Aplicando plugin toObject...
[2025-03-15 18:50:53] INFO: Aplicando plugin de timestamps...
[2025-03-15 18:50:53] INFO: Aplicando plugin toJson...
[2025-03-15 18:50:53] INFO: Aplicando plugin toObject...
[2025-03-15 18:50:53] INFO: Aplicando plugin de timestamps...
[2025-03-15 18:50:53] INFO: Aplicando plugin toJson...
[2025-03-15 18:50:53] INFO: Aplicando plugin toObject...
[2025-03-15 18:50:54] INFO: Conectado a la base de datos...!
[2025-03-15 18:52:01] INFO: Aplicando plugin de timestamps...
[2025-03-15 18:52:01] INFO: Aplicando plugin toJson...
[2025-03-15 18:52:01] INFO: Aplicando plugin toObject...
[2025-03-15 18:52:01] INFO: Aplicando plugin de timestamps...
[2025-03-15 18:52:01] INFO: Aplicando plugin toJson...
[2025-03-15 18:52:01] INFO: Aplicando plugin toObject...
[2025-03-15 18:52:01] INFO: Aplicando plugin de timestamps...
[2025-03-15 18:52:01] INFO: Aplicando plugin toJson...
[2025-03-15 18:52:01] INFO: Aplicando plugin toObject...
[2025-03-15 18:52:01] INFO: Aplicando plugin de timestamps...
[2025-03-15 18:52:01] INFO: Aplicando plugin toJson...
[2025-03-15 18:52:01] INFO: Aplicando plugin toObject...
[2025-03-15 18:52:01] INFO: Aplicando plugin de timestamps...
[2025-03-15 18:52:01] INFO: Aplicando plugin toJson...
[2025-03-15 18:52:01] INFO: Aplicando plugin toObject...
[2025-03-15 18:52:01] INFO: Aplicando plugin de timestamps...
[2025-03-15 18:52:01] INFO: Aplicando plugin toJson...
[2025-03-15 18:52:01] INFO: Aplicando plugin toObject...
[2025-03-15 18:52:01] INFO: Aplicando plugin de timestamps...
[2025-03-15 18:52:01] INFO: Aplicando plugin toJson...
[2025-03-15 18:52:01] INFO: Aplicando plugin toObject...
[2025-03-15 18:52:01] INFO: Aplicando plugin de timestamps...
[2025-03-15 18:52:01] INFO: Aplicando plugin toJson...
[2025-03-15 18:52:01] INFO: Aplicando plugin toObject...
[2025-03-15 18:52:01] INFO: Aplicando plugin de timestamps...
[2025-03-15 18:52:01] INFO: Aplicando plugin toJson...
[2025-03-15 18:52:01] INFO: Aplicando plugin toObject...
[2025-03-15 18:52:01] INFO: Aplicando plugin de timestamps...
[2025-03-15 18:52:01] INFO: Aplicando plugin toJson...
[2025-03-15 18:52:01] INFO: Aplicando plugin toObject...
[2025-03-15 18:52:01] INFO: Aplicando plugin de timestamps...
[2025-03-15 18:52:01] INFO: Aplicando plugin toJson...
[2025-03-15 18:52:01] INFO: Aplicando plugin toObject...
[2025-03-15 18:52:01] INFO: Aplicando plugin de timestamps...
[2025-03-15 18:52:01] INFO: Aplicando plugin toJson...
[2025-03-15 18:52:01] INFO: Aplicando plugin toObject...
[2025-03-15 18:52:01] INFO: Aplicando plugin de timestamps...
[2025-03-15 18:52:01] INFO: Aplicando plugin toJson...
[2025-03-15 18:52:01] INFO: Aplicando plugin toObject...
[2025-03-15 18:52:01] INFO: Aplicando plugin de timestamps...
[2025-03-15 18:52:01] INFO: Aplicando plugin toJson...
[2025-03-15 18:52:01] INFO: Aplicando plugin toObject...
[2025-03-15 18:52:02] INFO: Conectado a la base de datos...!
[2025-03-15 18:58:22] INFO: Aplicando plugin de timestamps...
[2025-03-15 18:58:22] INFO: Aplicando plugin toJson...
[2025-03-15 18:58:22] INFO: Aplicando plugin toObject...
[2025-03-15 18:58:22] INFO: Aplicando plugin de timestamps...
[2025-03-15 18:58:22] INFO: Aplicando plugin toJson...
[2025-03-15 18:58:22] INFO: Aplicando plugin toObject...
[2025-03-15 18:58:22] INFO: Aplicando plugin de timestamps...
[2025-03-15 18:58:22] INFO: Aplicando plugin toJson...
[2025-03-15 18:58:22] INFO: Aplicando plugin toObject...
[2025-03-15 18:58:22] INFO: Aplicando plugin de timestamps...
[2025-03-15 18:58:22] INFO: Aplicando plugin toJson...
[2025-03-15 18:58:22] INFO: Aplicando plugin toObject...
[2025-03-15 18:58:22] INFO: Aplicando plugin de timestamps...
[2025-03-15 18:58:22] INFO: Aplicando plugin toJson...
[2025-03-15 18:58:22] INFO: Aplicando plugin toObject...
[2025-03-15 18:58:22] INFO: Aplicando plugin de timestamps...
[2025-03-15 18:58:22] INFO: Aplicando plugin toJson...
[2025-03-15 18:58:22] INFO: Aplicando plugin toObject...
[2025-03-15 18:58:22] INFO: Aplicando plugin de timestamps...
[2025-03-15 18:58:22] INFO: Aplicando plugin toJson...
[2025-03-15 18:58:22] INFO: Aplicando plugin toObject...
[2025-03-15 18:58:22] INFO: Aplicando plugin de timestamps...
[2025-03-15 18:58:22] INFO: Aplicando plugin toJson...
[2025-03-15 18:58:22] INFO: Aplicando plugin toObject...
[2025-03-15 18:58:22] INFO: Aplicando plugin de timestamps...
[2025-03-15 18:58:22] INFO: Aplicando plugin toJson...
[2025-03-15 18:58:22] INFO: Aplicando plugin toObject...
[2025-03-15 18:58:22] INFO: Aplicando plugin de timestamps...
[2025-03-15 18:58:22] INFO: Aplicando plugin toJson...
[2025-03-15 18:58:22] INFO: Aplicando plugin toObject...
[2025-03-15 18:58:22] INFO: Aplicando plugin de timestamps...
[2025-03-15 18:58:22] INFO: Aplicando plugin toJson...
[2025-03-15 18:58:22] INFO: Aplicando plugin toObject...
[2025-03-15 18:58:22] INFO: Aplicando plugin de timestamps...
[2025-03-15 18:58:22] INFO: Aplicando plugin toJson...
[2025-03-15 18:58:22] INFO: Aplicando plugin toObject...
[2025-03-15 18:58:22] INFO: Aplicando plugin de timestamps...
[2025-03-15 18:58:22] INFO: Aplicando plugin toJson...
[2025-03-15 18:58:22] INFO: Aplicando plugin toObject...
[2025-03-15 18:58:22] INFO: Aplicando plugin de timestamps...
[2025-03-15 18:58:22] INFO: Aplicando plugin toJson...
[2025-03-15 18:58:22] INFO: Aplicando plugin toObject...
[2025-03-15 18:58:22] INFO: Conectado a la base de datos...!
[2025-03-15 19:51:21] INFO: Aplicando plugin de timestamps...
[2025-03-15 19:51:21] INFO: Aplicando plugin toJson...
[2025-03-15 19:51:21] INFO: Aplicando plugin toObject...
[2025-03-15 19:51:21] INFO: Aplicando plugin de timestamps...
[2025-03-15 19:51:21] INFO: Aplicando plugin toJson...
[2025-03-15 19:51:21] INFO: Aplicando plugin toObject...
[2025-03-15 19:51:21] INFO: Aplicando plugin de timestamps...
[2025-03-15 19:51:21] INFO: Aplicando plugin toJson...
[2025-03-15 19:51:21] INFO: Aplicando plugin toObject...
[2025-03-15 19:51:21] INFO: Aplicando plugin de timestamps...
[2025-03-15 19:51:21] INFO: Aplicando plugin toJson...
[2025-03-15 19:51:21] INFO: Aplicando plugin toObject...
[2025-03-15 19:51:21] INFO: Aplicando plugin de timestamps...
[2025-03-15 19:51:21] INFO: Aplicando plugin toJson...
[2025-03-15 19:51:21] INFO: Aplicando plugin toObject...
[2025-03-15 19:51:21] INFO: Aplicando plugin de timestamps...
[2025-03-15 19:51:21] INFO: Aplicando plugin toJson...
[2025-03-15 19:51:21] INFO: Aplicando plugin toObject...
[2025-03-15 19:51:21] INFO: Aplicando plugin de timestamps...
[2025-03-15 19:51:21] INFO: Aplicando plugin toJson...
[2025-03-15 19:51:21] INFO: Aplicando plugin toObject...
[2025-03-15 19:51:21] INFO: Aplicando plugin de timestamps...
[2025-03-15 19:51:21] INFO: Aplicando plugin toJson...
[2025-03-15 19:51:21] INFO: Aplicando plugin toObject...
[2025-03-15 19:51:21] INFO: Aplicando plugin de timestamps...
[2025-03-15 19:51:21] INFO: Aplicando plugin toJson...
[2025-03-15 19:51:21] INFO: Aplicando plugin toObject...
[2025-03-15 19:51:21] INFO: Aplicando plugin de timestamps...
[2025-03-15 19:51:21] INFO: Aplicando plugin toJson...
[2025-03-15 19:51:21] INFO: Aplicando plugin toObject...
[2025-03-15 19:51:21] INFO: Aplicando plugin de timestamps...
[2025-03-15 19:51:21] INFO: Aplicando plugin toJson...
[2025-03-15 19:51:21] INFO: Aplicando plugin toObject...
[2025-03-15 19:51:21] INFO: Aplicando plugin de timestamps...
[2025-03-15 19:51:21] INFO: Aplicando plugin toJson...
[2025-03-15 19:51:21] INFO: Aplicando plugin toObject...
[2025-03-15 19:51:21] INFO: Aplicando plugin de timestamps...
[2025-03-15 19:51:21] INFO: Aplicando plugin toJson...
[2025-03-15 19:51:21] INFO: Aplicando plugin toObject...
[2025-03-15 19:51:21] INFO: Aplicando plugin de timestamps...
[2025-03-15 19:51:21] INFO: Aplicando plugin toJson...
[2025-03-15 19:51:21] INFO: Aplicando plugin toObject...
[2025-03-15 19:51:21] INFO: Conectado a la base de datos...!
[2025-03-15 19:52:29] INFO: Aplicando plugin de timestamps...
[2025-03-15 19:52:29] INFO: Aplicando plugin toJson...
[2025-03-15 19:52:29] INFO: Aplicando plugin toObject...
[2025-03-15 19:52:29] INFO: Aplicando plugin de timestamps...
[2025-03-15 19:52:29] INFO: Aplicando plugin toJson...
[2025-03-15 19:52:29] INFO: Aplicando plugin toObject...
[2025-03-15 19:52:29] INFO: Aplicando plugin de timestamps...
[2025-03-15 19:52:29] INFO: Aplicando plugin toJson...
[2025-03-15 19:52:29] INFO: Aplicando plugin toObject...
[2025-03-15 19:52:29] INFO: Aplicando plugin de timestamps...
[2025-03-15 19:52:29] INFO: Aplicando plugin toJson...
[2025-03-15 19:52:29] INFO: Aplicando plugin toObject...
[2025-03-15 19:52:29] INFO: Aplicando plugin de timestamps...
[2025-03-15 19:52:29] INFO: Aplicando plugin toJson...
[2025-03-15 19:52:29] INFO: Aplicando plugin toObject...
[2025-03-15 19:52:29] INFO: Aplicando plugin de timestamps...
[2025-03-15 19:52:29] INFO: Aplicando plugin toJson...
[2025-03-15 19:52:29] INFO: Aplicando plugin toObject...
[2025-03-15 19:52:29] INFO: Aplicando plugin de timestamps...
[2025-03-15 19:52:29] INFO: Aplicando plugin toJson...
[2025-03-15 19:52:29] INFO: Aplicando plugin toObject...
[2025-03-15 19:52:29] INFO: Aplicando plugin de timestamps...
[2025-03-15 19:52:29] INFO: Aplicando plugin toJson...
[2025-03-15 19:52:29] INFO: Aplicando plugin toObject...
[2025-03-15 19:52:29] INFO: Aplicando plugin de timestamps...
[2025-03-15 19:52:29] INFO: Aplicando plugin toJson...
[2025-03-15 19:52:29] INFO: Aplicando plugin toObject...
[2025-03-15 19:52:29] INFO: Aplicando plugin de timestamps...
[2025-03-15 19:52:29] INFO: Aplicando plugin toJson...
[2025-03-15 19:52:29] INFO: Aplicando plugin toObject...
[2025-03-15 19:52:29] INFO: Aplicando plugin de timestamps...
[2025-03-15 19:52:29] INFO: Aplicando plugin toJson...
[2025-03-15 19:52:29] INFO: Aplicando plugin toObject...
[2025-03-15 19:52:29] INFO: Aplicando plugin de timestamps...
[2025-03-15 19:52:29] INFO: Aplicando plugin toJson...
[2025-03-15 19:52:29] INFO: Aplicando plugin toObject...
[2025-03-15 19:52:29] INFO: Aplicando plugin de timestamps...
[2025-03-15 19:52:29] INFO: Aplicando plugin toJson...
[2025-03-15 19:52:29] INFO: Aplicando plugin toObject...
[2025-03-15 19:52:29] INFO: Aplicando plugin de timestamps...
[2025-03-15 19:52:29] INFO: Aplicando plugin toJson...
[2025-03-15 19:52:29] INFO: Aplicando plugin toObject...
[2025-03-15 19:52:29] INFO: Conectado a la base de datos...!
[2025-03-15 19:52:55] INFO: Aplicando plugin de timestamps...
[2025-03-15 19:52:55] INFO: Aplicando plugin toJson...
[2025-03-15 19:52:55] INFO: Aplicando plugin toObject...
[2025-03-15 19:52:55] INFO: Aplicando plugin de timestamps...
[2025-03-15 19:52:55] INFO: Aplicando plugin toJson...
[2025-03-15 19:52:55] INFO: Aplicando plugin toObject...
[2025-03-15 19:52:55] INFO: Aplicando plugin de timestamps...
[2025-03-15 19:52:55] INFO: Aplicando plugin toJson...
[2025-03-15 19:52:55] INFO: Aplicando plugin toObject...
[2025-03-15 19:52:55] INFO: Aplicando plugin de timestamps...
[2025-03-15 19:52:55] INFO: Aplicando plugin toJson...
[2025-03-15 19:52:55] INFO: Aplicando plugin toObject...
[2025-03-15 19:52:55] INFO: Aplicando plugin de timestamps...
[2025-03-15 19:52:55] INFO: Aplicando plugin toJson...
[2025-03-15 19:52:55] INFO: Aplicando plugin toObject...
[2025-03-15 19:52:55] INFO: Aplicando plugin de timestamps...
[2025-03-15 19:52:55] INFO: Aplicando plugin toJson...
[2025-03-15 19:52:55] INFO: Aplicando plugin toObject...
[2025-03-15 19:52:55] INFO: Aplicando plugin de timestamps...
[2025-03-15 19:52:55] INFO: Aplicando plugin toJson...
[2025-03-15 19:52:55] INFO: Aplicando plugin toObject...
[2025-03-15 19:52:55] INFO: Aplicando plugin de timestamps...
[2025-03-15 19:52:55] INFO: Aplicando plugin toJson...
[2025-03-15 19:52:55] INFO: Aplicando plugin toObject...
[2025-03-15 19:52:55] INFO: Aplicando plugin de timestamps...
[2025-03-15 19:52:55] INFO: Aplicando plugin toJson...
[2025-03-15 19:52:55] INFO: Aplicando plugin toObject...
[2025-03-15 19:52:55] INFO: Aplicando plugin de timestamps...
[2025-03-15 19:52:55] INFO: Aplicando plugin toJson...
[2025-03-15 19:52:55] INFO: Aplicando plugin toObject...
[2025-03-15 19:52:55] INFO: Aplicando plugin de timestamps...
[2025-03-15 19:52:55] INFO: Aplicando plugin toJson...
[2025-03-15 19:52:55] INFO: Aplicando plugin toObject...
[2025-03-15 19:52:55] INFO: Aplicando plugin de timestamps...
[2025-03-15 19:52:55] INFO: Aplicando plugin toJson...
[2025-03-15 19:52:55] INFO: Aplicando plugin toObject...
[2025-03-15 19:52:55] INFO: Aplicando plugin de timestamps...
[2025-03-15 19:52:55] INFO: Aplicando plugin toJson...
[2025-03-15 19:52:55] INFO: Aplicando plugin toObject...
[2025-03-15 19:52:55] INFO: Aplicando plugin de timestamps...
[2025-03-15 19:52:55] INFO: Aplicando plugin toJson...
[2025-03-15 19:52:55] INFO: Aplicando plugin toObject...
[2025-03-15 19:52:56] INFO: Conectado a la base de datos...!
[2025-03-15 19:54:22] INFO: Aplicando plugin de timestamps...
[2025-03-15 19:54:22] INFO: Aplicando plugin toJson...
[2025-03-15 19:54:22] INFO: Aplicando plugin toObject...
[2025-03-15 19:54:22] INFO: Aplicando plugin de timestamps...
[2025-03-15 19:54:22] INFO: Aplicando plugin toJson...
[2025-03-15 19:54:22] INFO: Aplicando plugin toObject...
[2025-03-15 19:54:22] INFO: Aplicando plugin de timestamps...
[2025-03-15 19:54:22] INFO: Aplicando plugin toJson...
[2025-03-15 19:54:22] INFO: Aplicando plugin toObject...
[2025-03-15 19:54:22] INFO: Aplicando plugin de timestamps...
[2025-03-15 19:54:22] INFO: Aplicando plugin toJson...
[2025-03-15 19:54:22] INFO: Aplicando plugin toObject...
[2025-03-15 19:54:22] INFO: Aplicando plugin de timestamps...
[2025-03-15 19:54:22] INFO: Aplicando plugin toJson...
[2025-03-15 19:54:22] INFO: Aplicando plugin toObject...
[2025-03-15 19:54:22] INFO: Aplicando plugin de timestamps...
[2025-03-15 19:54:22] INFO: Aplicando plugin toJson...
[2025-03-15 19:54:22] INFO: Aplicando plugin toObject...
[2025-03-15 19:54:22] INFO: Aplicando plugin de timestamps...
[2025-03-15 19:54:22] INFO: Aplicando plugin toJson...
[2025-03-15 19:54:22] INFO: Aplicando plugin toObject...
[2025-03-15 19:54:22] INFO: Aplicando plugin de timestamps...
[2025-03-15 19:54:22] INFO: Aplicando plugin toJson...
[2025-03-15 19:54:22] INFO: Aplicando plugin toObject...
[2025-03-15 19:54:22] INFO: Aplicando plugin de timestamps...
[2025-03-15 19:54:22] INFO: Aplicando plugin toJson...
[2025-03-15 19:54:22] INFO: Aplicando plugin toObject...
[2025-03-15 19:54:22] INFO: Aplicando plugin de timestamps...
[2025-03-15 19:54:22] INFO: Aplicando plugin toJson...
[2025-03-15 19:54:22] INFO: Aplicando plugin toObject...
[2025-03-15 19:54:22] INFO: Aplicando plugin de timestamps...
[2025-03-15 19:54:22] INFO: Aplicando plugin toJson...
[2025-03-15 19:54:22] INFO: Aplicando plugin toObject...
[2025-03-15 19:54:22] INFO: Aplicando plugin de timestamps...
[2025-03-15 19:54:22] INFO: Aplicando plugin toJson...
[2025-03-15 19:54:22] INFO: Aplicando plugin toObject...
[2025-03-15 19:54:22] INFO: Aplicando plugin de timestamps...
[2025-03-15 19:54:22] INFO: Aplicando plugin toJson...
[2025-03-15 19:54:22] INFO: Aplicando plugin toObject...
[2025-03-15 19:54:22] INFO: Aplicando plugin de timestamps...
[2025-03-15 19:54:22] INFO: Aplicando plugin toJson...
[2025-03-15 19:54:22] INFO: Aplicando plugin toObject...
[2025-03-15 19:54:23] INFO: Conectado a la base de datos...!
[2025-03-15 19:56:21] INFO: Aplicando plugin de timestamps...
[2025-03-15 19:56:21] INFO: Aplicando plugin toJson...
[2025-03-15 19:56:21] INFO: Aplicando plugin toObject...
[2025-03-15 19:56:21] INFO: Aplicando plugin de timestamps...
[2025-03-15 19:56:21] INFO: Aplicando plugin toJson...
[2025-03-15 19:56:21] INFO: Aplicando plugin toObject...
[2025-03-15 19:56:21] INFO: Aplicando plugin de timestamps...
[2025-03-15 19:56:21] INFO: Aplicando plugin toJson...
[2025-03-15 19:56:21] INFO: Aplicando plugin toObject...
[2025-03-15 19:56:21] INFO: Aplicando plugin de timestamps...
[2025-03-15 19:56:21] INFO: Aplicando plugin toJson...
[2025-03-15 19:56:21] INFO: Aplicando plugin toObject...
[2025-03-15 19:56:21] INFO: Aplicando plugin de timestamps...
[2025-03-15 19:56:21] INFO: Aplicando plugin toJson...
[2025-03-15 19:56:21] INFO: Aplicando plugin toObject...
[2025-03-15 19:56:21] INFO: Aplicando plugin de timestamps...
[2025-03-15 19:56:21] INFO: Aplicando plugin toJson...
[2025-03-15 19:56:21] INFO: Aplicando plugin toObject...
[2025-03-15 19:56:21] INFO: Aplicando plugin de timestamps...
[2025-03-15 19:56:21] INFO: Aplicando plugin toJson...
[2025-03-15 19:56:21] INFO: Aplicando plugin toObject...
[2025-03-15 19:56:21] INFO: Aplicando plugin de timestamps...
[2025-03-15 19:56:21] INFO: Aplicando plugin toJson...
[2025-03-15 19:56:21] INFO: Aplicando plugin toObject...
[2025-03-15 19:56:21] INFO: Aplicando plugin de timestamps...
[2025-03-15 19:56:21] INFO: Aplicando plugin toJson...
[2025-03-15 19:56:21] INFO: Aplicando plugin toObject...
[2025-03-15 19:56:21] INFO: Aplicando plugin de timestamps...
[2025-03-15 19:56:21] INFO: Aplicando plugin toJson...
[2025-03-15 19:56:21] INFO: Aplicando plugin toObject...
[2025-03-15 19:56:21] INFO: Aplicando plugin de timestamps...
[2025-03-15 19:56:21] INFO: Aplicando plugin toJson...
[2025-03-15 19:56:21] INFO: Aplicando plugin toObject...
[2025-03-15 19:56:21] INFO: Aplicando plugin de timestamps...
[2025-03-15 19:56:21] INFO: Aplicando plugin toJson...
[2025-03-15 19:56:21] INFO: Aplicando plugin toObject...
[2025-03-15 19:56:21] INFO: Aplicando plugin de timestamps...
[2025-03-15 19:56:21] INFO: Aplicando plugin toJson...
[2025-03-15 19:56:21] INFO: Aplicando plugin toObject...
[2025-03-15 19:56:21] INFO: Aplicando plugin de timestamps...
[2025-03-15 19:56:21] INFO: Aplicando plugin toJson...
[2025-03-15 19:56:21] INFO: Aplicando plugin toObject...
[2025-03-15 19:56:21] INFO: Conectado a la base de datos...!
[2025-03-15 19:57:16] INFO: Aplicando plugin de timestamps...
[2025-03-15 19:57:16] INFO: Aplicando plugin toJson...
[2025-03-15 19:57:16] INFO: Aplicando plugin toObject...
[2025-03-15 19:57:16] INFO: Aplicando plugin de timestamps...
[2025-03-15 19:57:16] INFO: Aplicando plugin toJson...
[2025-03-15 19:57:16] INFO: Aplicando plugin toObject...
[2025-03-15 19:57:16] INFO: Aplicando plugin de timestamps...
[2025-03-15 19:57:16] INFO: Aplicando plugin toJson...
[2025-03-15 19:57:16] INFO: Aplicando plugin toObject...
[2025-03-15 19:57:16] INFO: Aplicando plugin de timestamps...
[2025-03-15 19:57:16] INFO: Aplicando plugin toJson...
[2025-03-15 19:57:16] INFO: Aplicando plugin toObject...
[2025-03-15 19:57:16] INFO: Aplicando plugin de timestamps...
[2025-03-15 19:57:16] INFO: Aplicando plugin toJson...
[2025-03-15 19:57:16] INFO: Aplicando plugin toObject...
[2025-03-15 19:57:16] INFO: Aplicando plugin de timestamps...
[2025-03-15 19:57:16] INFO: Aplicando plugin toJson...
[2025-03-15 19:57:16] INFO: Aplicando plugin toObject...
[2025-03-15 19:57:16] INFO: Aplicando plugin de timestamps...
[2025-03-15 19:57:16] INFO: Aplicando plugin toJson...
[2025-03-15 19:57:16] INFO: Aplicando plugin toObject...
[2025-03-15 19:57:16] INFO: Aplicando plugin de timestamps...
[2025-03-15 19:57:16] INFO: Aplicando plugin toJson...
[2025-03-15 19:57:16] INFO: Aplicando plugin toObject...
[2025-03-15 19:57:16] INFO: Aplicando plugin de timestamps...
[2025-03-15 19:57:16] INFO: Aplicando plugin toJson...
[2025-03-15 19:57:16] INFO: Aplicando plugin toObject...
[2025-03-15 19:57:16] INFO: Aplicando plugin de timestamps...
[2025-03-15 19:57:16] INFO: Aplicando plugin toJson...
[2025-03-15 19:57:16] INFO: Aplicando plugin toObject...
[2025-03-15 19:57:16] INFO: Aplicando plugin de timestamps...
[2025-03-15 19:57:16] INFO: Aplicando plugin toJson...
[2025-03-15 19:57:16] INFO: Aplicando plugin toObject...
[2025-03-15 19:57:16] INFO: Aplicando plugin de timestamps...
[2025-03-15 19:57:16] INFO: Aplicando plugin toJson...
[2025-03-15 19:57:16] INFO: Aplicando plugin toObject...
[2025-03-15 19:57:16] INFO: Aplicando plugin de timestamps...
[2025-03-15 19:57:16] INFO: Aplicando plugin toJson...
[2025-03-15 19:57:16] INFO: Aplicando plugin toObject...
[2025-03-15 19:57:16] INFO: Aplicando plugin de timestamps...
[2025-03-15 19:57:16] INFO: Aplicando plugin toJson...
[2025-03-15 19:57:16] INFO: Aplicando plugin toObject...
[2025-03-15 19:57:16] INFO: Conectado a la base de datos...!
[2025-03-15 19:58:08] INFO: Aplicando plugin de timestamps...
[2025-03-15 19:58:08] INFO: Aplicando plugin toJson...
[2025-03-15 19:58:08] INFO: Aplicando plugin toObject...
[2025-03-15 19:58:08] INFO: Aplicando plugin de timestamps...
[2025-03-15 19:58:08] INFO: Aplicando plugin toJson...
[2025-03-15 19:58:08] INFO: Aplicando plugin toObject...
[2025-03-15 19:58:08] INFO: Aplicando plugin de timestamps...
[2025-03-15 19:58:08] INFO: Aplicando plugin toJson...
[2025-03-15 19:58:08] INFO: Aplicando plugin toObject...
[2025-03-15 19:58:08] INFO: Aplicando plugin de timestamps...
[2025-03-15 19:58:08] INFO: Aplicando plugin toJson...
[2025-03-15 19:58:08] INFO: Aplicando plugin toObject...
[2025-03-15 19:58:08] INFO: Aplicando plugin de timestamps...
[2025-03-15 19:58:08] INFO: Aplicando plugin toJson...
[2025-03-15 19:58:08] INFO: Aplicando plugin toObject...
[2025-03-15 19:58:08] INFO: Aplicando plugin de timestamps...
[2025-03-15 19:58:08] INFO: Aplicando plugin toJson...
[2025-03-15 19:58:08] INFO: Aplicando plugin toObject...
[2025-03-15 19:58:08] INFO: Aplicando plugin de timestamps...
[2025-03-15 19:58:08] INFO: Aplicando plugin toJson...
[2025-03-15 19:58:08] INFO: Aplicando plugin toObject...
[2025-03-15 19:58:08] INFO: Aplicando plugin de timestamps...
[2025-03-15 19:58:08] INFO: Aplicando plugin toJson...
[2025-03-15 19:58:08] INFO: Aplicando plugin toObject...
[2025-03-15 19:58:08] INFO: Aplicando plugin de timestamps...
[2025-03-15 19:58:08] INFO: Aplicando plugin toJson...
[2025-03-15 19:58:08] INFO: Aplicando plugin toObject...
[2025-03-15 19:58:08] INFO: Aplicando plugin de timestamps...
[2025-03-15 19:58:08] INFO: Aplicando plugin toJson...
[2025-03-15 19:58:08] INFO: Aplicando plugin toObject...
[2025-03-15 19:58:08] INFO: Aplicando plugin de timestamps...
[2025-03-15 19:58:08] INFO: Aplicando plugin toJson...
[2025-03-15 19:58:08] INFO: Aplicando plugin toObject...
[2025-03-15 19:58:08] INFO: Aplicando plugin de timestamps...
[2025-03-15 19:58:08] INFO: Aplicando plugin toJson...
[2025-03-15 19:58:08] INFO: Aplicando plugin toObject...
[2025-03-15 19:58:08] INFO: Aplicando plugin de timestamps...
[2025-03-15 19:58:08] INFO: Aplicando plugin toJson...
[2025-03-15 19:58:08] INFO: Aplicando plugin toObject...
[2025-03-15 19:58:08] INFO: Aplicando plugin de timestamps...
[2025-03-15 19:58:08] INFO: Aplicando plugin toJson...
[2025-03-15 19:58:08] INFO: Aplicando plugin toObject...
[2025-03-15 19:58:09] INFO: Conectado a la base de datos...!
[2025-03-15 19:59:51] INFO: Aplicando plugin de timestamps...
[2025-03-15 19:59:51] INFO: Aplicando plugin toJson...
[2025-03-15 19:59:51] INFO: Aplicando plugin toObject...
[2025-03-15 19:59:52] INFO: Aplicando plugin de timestamps...
[2025-03-15 19:59:52] INFO: Aplicando plugin toJson...
[2025-03-15 19:59:52] INFO: Aplicando plugin toObject...
[2025-03-15 19:59:52] INFO: Aplicando plugin de timestamps...
[2025-03-15 19:59:52] INFO: Aplicando plugin toJson...
[2025-03-15 19:59:52] INFO: Aplicando plugin toObject...
[2025-03-15 19:59:52] INFO: Aplicando plugin de timestamps...
[2025-03-15 19:59:52] INFO: Aplicando plugin toJson...
[2025-03-15 19:59:52] INFO: Aplicando plugin toObject...
[2025-03-15 19:59:52] INFO: Aplicando plugin de timestamps...
[2025-03-15 19:59:52] INFO: Aplicando plugin toJson...
[2025-03-15 19:59:52] INFO: Aplicando plugin toObject...
[2025-03-15 19:59:52] INFO: Aplicando plugin de timestamps...
[2025-03-15 19:59:52] INFO: Aplicando plugin toJson...
[2025-03-15 19:59:52] INFO: Aplicando plugin toObject...
[2025-03-15 19:59:52] INFO: Aplicando plugin de timestamps...
[2025-03-15 19:59:52] INFO: Aplicando plugin toJson...
[2025-03-15 19:59:52] INFO: Aplicando plugin toObject...
[2025-03-15 19:59:52] INFO: Aplicando plugin de timestamps...
[2025-03-15 19:59:52] INFO: Aplicando plugin toJson...
[2025-03-15 19:59:52] INFO: Aplicando plugin toObject...
[2025-03-15 19:59:52] INFO: Aplicando plugin de timestamps...
[2025-03-15 19:59:52] INFO: Aplicando plugin toJson...
[2025-03-15 19:59:52] INFO: Aplicando plugin toObject...
[2025-03-15 19:59:52] INFO: Aplicando plugin de timestamps...
[2025-03-15 19:59:52] INFO: Aplicando plugin toJson...
[2025-03-15 19:59:52] INFO: Aplicando plugin toObject...
[2025-03-15 19:59:52] INFO: Aplicando plugin de timestamps...
[2025-03-15 19:59:52] INFO: Aplicando plugin toJson...
[2025-03-15 19:59:52] INFO: Aplicando plugin toObject...
[2025-03-15 19:59:52] INFO: Aplicando plugin de timestamps...
[2025-03-15 19:59:52] INFO: Aplicando plugin toJson...
[2025-03-15 19:59:52] INFO: Aplicando plugin toObject...
[2025-03-15 19:59:52] INFO: Aplicando plugin de timestamps...
[2025-03-15 19:59:52] INFO: Aplicando plugin toJson...
[2025-03-15 19:59:52] INFO: Aplicando plugin toObject...
[2025-03-15 19:59:52] INFO: Aplicando plugin de timestamps...
[2025-03-15 19:59:52] INFO: Aplicando plugin toJson...
[2025-03-15 19:59:52] INFO: Aplicando plugin toObject...
[2025-03-15 19:59:52] INFO: Conectado a la base de datos...!
[2025-03-15 20:00:14] INFO: Generated token: eyJhbGciOiJIUzI1NiIsInR5cCI6IkpXVCJ9.eyJyb2xlIjoiZGV2IiwiaWF0IjoxNzQyMDc5NjE0LCJleHAiOjE3NDIwODMyMTR9.skBDnBsk5mu8QVjAAkkI17I9OIcczX8_sISMlMcRLhA
[2025-03-15 20:00:55] INFO: Aplicando plugin de timestamps...
[2025-03-15 20:00:55] INFO: Aplicando plugin toJson...
[2025-03-15 20:00:55] INFO: Aplicando plugin toObject...
[2025-03-15 20:00:55] INFO: Aplicando plugin de timestamps...
[2025-03-15 20:00:55] INFO: Aplicando plugin toJson...
[2025-03-15 20:00:55] INFO: Aplicando plugin toObject...
[2025-03-15 20:00:55] INFO: Aplicando plugin de timestamps...
[2025-03-15 20:00:55] INFO: Aplicando plugin toJson...
[2025-03-15 20:00:55] INFO: Aplicando plugin toObject...
[2025-03-15 20:00:55] INFO: Aplicando plugin de timestamps...
[2025-03-15 20:00:55] INFO: Aplicando plugin toJson...
[2025-03-15 20:00:55] INFO: Aplicando plugin toObject...
[2025-03-15 20:00:55] INFO: Aplicando plugin de timestamps...
[2025-03-15 20:00:55] INFO: Aplicando plugin toJson...
[2025-03-15 20:00:55] INFO: Aplicando plugin toObject...
[2025-03-15 20:00:55] INFO: Aplicando plugin de timestamps...
[2025-03-15 20:00:55] INFO: Aplicando plugin toJson...
[2025-03-15 20:00:55] INFO: Aplicando plugin toObject...
[2025-03-15 20:00:55] INFO: Aplicando plugin de timestamps...
[2025-03-15 20:00:55] INFO: Aplicando plugin toJson...
[2025-03-15 20:00:55] INFO: Aplicando plugin toObject...
[2025-03-15 20:00:55] INFO: Aplicando plugin de timestamps...
[2025-03-15 20:00:55] INFO: Aplicando plugin toJson...
[2025-03-15 20:00:55] INFO: Aplicando plugin toObject...
[2025-03-15 20:00:55] INFO: Aplicando plugin de timestamps...
[2025-03-15 20:00:55] INFO: Aplicando plugin toJson...
[2025-03-15 20:00:55] INFO: Aplicando plugin toObject...
[2025-03-15 20:00:55] INFO: Aplicando plugin de timestamps...
[2025-03-15 20:00:55] INFO: Aplicando plugin toJson...
[2025-03-15 20:00:55] INFO: Aplicando plugin toObject...
[2025-03-15 20:00:55] INFO: Aplicando plugin de timestamps...
[2025-03-15 20:00:55] INFO: Aplicando plugin toJson...
[2025-03-15 20:00:55] INFO: Aplicando plugin toObject...
[2025-03-15 20:00:55] INFO: Aplicando plugin de timestamps...
[2025-03-15 20:00:55] INFO: Aplicando plugin toJson...
[2025-03-15 20:00:55] INFO: Aplicando plugin toObject...
[2025-03-15 20:00:55] INFO: Aplicando plugin de timestamps...
[2025-03-15 20:00:55] INFO: Aplicando plugin toJson...
[2025-03-15 20:00:55] INFO: Aplicando plugin toObject...
[2025-03-15 20:00:55] INFO: Aplicando plugin de timestamps...
[2025-03-15 20:00:55] INFO: Aplicando plugin toJson...
[2025-03-15 20:00:55] INFO: Aplicando plugin toObject...
[2025-03-15 20:00:55] INFO: Conectado a la base de datos...!
[2025-03-15 20:00:57] INFO: Generated token: eyJhbGciOiJIUzI1NiIsInR5cCI6IkpXVCJ9.eyJyb2xlIjoiZGV2IiwiaWF0IjoxNzQyMDc5NjU3LCJleHAiOjE3NDIwODMyNTd9.sBjayaOIK5sTdS6yKCwOAmm66oA_LjEOWTubhTw_Rfc
[2025-03-15 20:01:37] INFO: Generated token: eyJhbGciOiJIUzI1NiIsInR5cCI6IkpXVCJ9.eyJyb2xlIjoiZGV2IiwiaWF0IjoxNzQyMDc5Njk3LCJleHAiOjE3NDIwODMyOTd9.f-qzYfyiBetFWppXq6pgosfvYbMaLXxKlrZFA5fUHoo
[2025-03-15 20:02:14] INFO: Aplicando plugin de timestamps...
[2025-03-15 20:02:14] INFO: Aplicando plugin toJson...
[2025-03-15 20:02:14] INFO: Aplicando plugin toObject...
[2025-03-15 20:02:14] INFO: Aplicando plugin de timestamps...
[2025-03-15 20:02:14] INFO: Aplicando plugin toJson...
[2025-03-15 20:02:14] INFO: Aplicando plugin toObject...
[2025-03-15 20:02:14] INFO: Aplicando plugin de timestamps...
[2025-03-15 20:02:14] INFO: Aplicando plugin toJson...
[2025-03-15 20:02:14] INFO: Aplicando plugin toObject...
[2025-03-15 20:02:14] INFO: Aplicando plugin de timestamps...
[2025-03-15 20:02:14] INFO: Aplicando plugin toJson...
[2025-03-15 20:02:14] INFO: Aplicando plugin toObject...
[2025-03-15 20:02:14] INFO: Aplicando plugin de timestamps...
[2025-03-15 20:02:14] INFO: Aplicando plugin toJson...
[2025-03-15 20:02:14] INFO: Aplicando plugin toObject...
[2025-03-15 20:02:14] INFO: Aplicando plugin de timestamps...
[2025-03-15 20:02:14] INFO: Aplicando plugin toJson...
[2025-03-15 20:02:14] INFO: Aplicando plugin toObject...
[2025-03-15 20:02:14] INFO: Aplicando plugin de timestamps...
[2025-03-15 20:02:14] INFO: Aplicando plugin toJson...
[2025-03-15 20:02:14] INFO: Aplicando plugin toObject...
[2025-03-15 20:02:14] INFO: Aplicando plugin de timestamps...
[2025-03-15 20:02:14] INFO: Aplicando plugin toJson...
[2025-03-15 20:02:14] INFO: Aplicando plugin toObject...
[2025-03-15 20:02:14] INFO: Aplicando plugin de timestamps...
[2025-03-15 20:02:14] INFO: Aplicando plugin toJson...
[2025-03-15 20:02:14] INFO: Aplicando plugin toObject...
[2025-03-15 20:02:14] INFO: Aplicando plugin de timestamps...
[2025-03-15 20:02:14] INFO: Aplicando plugin toJson...
[2025-03-15 20:02:14] INFO: Aplicando plugin toObject...
[2025-03-15 20:02:14] INFO: Aplicando plugin de timestamps...
[2025-03-15 20:02:14] INFO: Aplicando plugin toJson...
[2025-03-15 20:02:14] INFO: Aplicando plugin toObject...
[2025-03-15 20:02:14] INFO: Aplicando plugin de timestamps...
[2025-03-15 20:02:14] INFO: Aplicando plugin toJson...
[2025-03-15 20:02:14] INFO: Aplicando plugin toObject...
[2025-03-15 20:02:14] INFO: Aplicando plugin de timestamps...
[2025-03-15 20:02:14] INFO: Aplicando plugin toJson...
[2025-03-15 20:02:14] INFO: Aplicando plugin toObject...
[2025-03-15 20:02:14] INFO: Aplicando plugin de timestamps...
[2025-03-15 20:02:14] INFO: Aplicando plugin toJson...
[2025-03-15 20:02:14] INFO: Aplicando plugin toObject...
[2025-03-15 20:02:15] INFO: Conectado a la base de datos...!
[2025-03-15 20:02:17] INFO: Generated token: eyJhbGciOiJIUzI1NiIsInR5cCI6IkpXVCJ9.eyJyb2xlIjoiZGV2IiwiaWF0IjoxNzQyMDc5NzM3LCJleHAiOjE3NDIwODMzMzd9.G4a0mGGgS7RWSDedyezHW8ey8hXjJl_HKbvDDjB6jGM
[2025-03-15 20:03:31] INFO: Aplicando plugin de timestamps...
[2025-03-15 20:03:31] INFO: Aplicando plugin toJson...
[2025-03-15 20:03:31] INFO: Aplicando plugin toObject...
[2025-03-15 20:03:31] INFO: Aplicando plugin de timestamps...
[2025-03-15 20:03:31] INFO: Aplicando plugin toJson...
[2025-03-15 20:03:31] INFO: Aplicando plugin toObject...
[2025-03-15 20:03:31] INFO: Aplicando plugin de timestamps...
[2025-03-15 20:03:31] INFO: Aplicando plugin toJson...
[2025-03-15 20:03:31] INFO: Aplicando plugin toObject...
[2025-03-15 20:03:31] INFO: Aplicando plugin de timestamps...
[2025-03-15 20:03:31] INFO: Aplicando plugin toJson...
[2025-03-15 20:03:31] INFO: Aplicando plugin toObject...
[2025-03-15 20:03:31] INFO: Aplicando plugin de timestamps...
[2025-03-15 20:03:31] INFO: Aplicando plugin toJson...
[2025-03-15 20:03:31] INFO: Aplicando plugin toObject...
[2025-03-15 20:03:31] INFO: Aplicando plugin de timestamps...
[2025-03-15 20:03:31] INFO: Aplicando plugin toJson...
[2025-03-15 20:03:31] INFO: Aplicando plugin toObject...
[2025-03-15 20:03:31] INFO: Aplicando plugin de timestamps...
[2025-03-15 20:03:31] INFO: Aplicando plugin toJson...
[2025-03-15 20:03:31] INFO: Aplicando plugin toObject...
[2025-03-15 20:03:31] INFO: Aplicando plugin de timestamps...
[2025-03-15 20:03:31] INFO: Aplicando plugin toJson...
[2025-03-15 20:03:31] INFO: Aplicando plugin toObject...
[2025-03-15 20:03:31] INFO: Aplicando plugin de timestamps...
[2025-03-15 20:03:31] INFO: Aplicando plugin toJson...
[2025-03-15 20:03:31] INFO: Aplicando plugin toObject...
[2025-03-15 20:03:31] INFO: Aplicando plugin de timestamps...
[2025-03-15 20:03:31] INFO: Aplicando plugin toJson...
[2025-03-15 20:03:31] INFO: Aplicando plugin toObject...
[2025-03-15 20:03:31] INFO: Aplicando plugin de timestamps...
[2025-03-15 20:03:31] INFO: Aplicando plugin toJson...
[2025-03-15 20:03:31] INFO: Aplicando plugin toObject...
[2025-03-15 20:03:31] INFO: Aplicando plugin de timestamps...
[2025-03-15 20:03:31] INFO: Aplicando plugin toJson...
[2025-03-15 20:03:31] INFO: Aplicando plugin toObject...
[2025-03-15 20:03:31] INFO: Aplicando plugin de timestamps...
[2025-03-15 20:03:31] INFO: Aplicando plugin toJson...
[2025-03-15 20:03:31] INFO: Aplicando plugin toObject...
[2025-03-15 20:03:31] INFO: Aplicando plugin de timestamps...
[2025-03-15 20:03:31] INFO: Aplicando plugin toJson...
[2025-03-15 20:03:31] INFO: Aplicando plugin toObject...
[2025-03-15 20:03:32] INFO: Conectado a la base de datos...!
[2025-03-15 20:03:44] INFO: Aplicando plugin de timestamps...
[2025-03-15 20:03:44] INFO: Aplicando plugin toJson...
[2025-03-15 20:03:44] INFO: Aplicando plugin toObject...
[2025-03-15 20:03:44] INFO: Aplicando plugin de timestamps...
[2025-03-15 20:03:44] INFO: Aplicando plugin toJson...
[2025-03-15 20:03:44] INFO: Aplicando plugin toObject...
[2025-03-15 20:03:44] INFO: Aplicando plugin de timestamps...
[2025-03-15 20:03:44] INFO: Aplicando plugin toJson...
[2025-03-15 20:03:44] INFO: Aplicando plugin toObject...
[2025-03-15 20:03:44] INFO: Aplicando plugin de timestamps...
[2025-03-15 20:03:44] INFO: Aplicando plugin toJson...
[2025-03-15 20:03:44] INFO: Aplicando plugin toObject...
[2025-03-15 20:03:44] INFO: Aplicando plugin de timestamps...
[2025-03-15 20:03:44] INFO: Aplicando plugin toJson...
[2025-03-15 20:03:44] INFO: Aplicando plugin toObject...
[2025-03-15 20:03:44] INFO: Aplicando plugin de timestamps...
[2025-03-15 20:03:44] INFO: Aplicando plugin toJson...
[2025-03-15 20:03:44] INFO: Aplicando plugin toObject...
[2025-03-15 20:03:44] INFO: Aplicando plugin de timestamps...
[2025-03-15 20:03:44] INFO: Aplicando plugin toJson...
[2025-03-15 20:03:44] INFO: Aplicando plugin toObject...
[2025-03-15 20:03:44] INFO: Aplicando plugin de timestamps...
[2025-03-15 20:03:44] INFO: Aplicando plugin toJson...
[2025-03-15 20:03:44] INFO: Aplicando plugin toObject...
[2025-03-15 20:03:44] INFO: Aplicando plugin de timestamps...
[2025-03-15 20:03:44] INFO: Aplicando plugin toJson...
[2025-03-15 20:03:44] INFO: Aplicando plugin toObject...
[2025-03-15 20:03:44] INFO: Aplicando plugin de timestamps...
[2025-03-15 20:03:44] INFO: Aplicando plugin toJson...
[2025-03-15 20:03:44] INFO: Aplicando plugin toObject...
[2025-03-15 20:03:44] INFO: Aplicando plugin de timestamps...
[2025-03-15 20:03:44] INFO: Aplicando plugin toJson...
[2025-03-15 20:03:44] INFO: Aplicando plugin toObject...
[2025-03-15 20:03:44] INFO: Aplicando plugin de timestamps...
[2025-03-15 20:03:44] INFO: Aplicando plugin toJson...
[2025-03-15 20:03:44] INFO: Aplicando plugin toObject...
[2025-03-15 20:03:44] INFO: Aplicando plugin de timestamps...
[2025-03-15 20:03:44] INFO: Aplicando plugin toJson...
[2025-03-15 20:03:44] INFO: Aplicando plugin toObject...
[2025-03-15 20:03:44] INFO: Aplicando plugin de timestamps...
[2025-03-15 20:03:44] INFO: Aplicando plugin toJson...
[2025-03-15 20:03:44] INFO: Aplicando plugin toObject...
[2025-03-15 20:03:45] INFO: Conectado a la base de datos...!
[2025-03-15 20:03:45] INFO: Generated token: eyJhbGciOiJIUzI1NiIsInR5cCI6IkpXVCJ9.eyJ1c2VySWQiOiI2N2Q2MDVhYTJmYTVjYWIxYzU3YjAzNGYiLCJyb2xlIjoiZGV2IiwiZW5hYmxlZCI6dHJ1ZSwiaWF0IjoxNzQyMDc5ODI1LCJleHAiOjE3NDIwODM0MjV9.-170zbWj1I7nYkJbcDgqQ2qTT9hPSPRr_w55bnZsVp8
[2025-03-15 20:04:12] INFO: Aplicando plugin de timestamps...
[2025-03-15 20:04:12] INFO: Aplicando plugin toJson...
[2025-03-15 20:04:12] INFO: Aplicando plugin toObject...
[2025-03-15 20:04:13] INFO: Aplicando plugin de timestamps...
[2025-03-15 20:04:13] INFO: Aplicando plugin toJson...
[2025-03-15 20:04:13] INFO: Aplicando plugin toObject...
[2025-03-15 20:04:13] INFO: Aplicando plugin de timestamps...
[2025-03-15 20:04:13] INFO: Aplicando plugin toJson...
[2025-03-15 20:04:13] INFO: Aplicando plugin toObject...
[2025-03-15 20:04:13] INFO: Aplicando plugin de timestamps...
[2025-03-15 20:04:13] INFO: Aplicando plugin toJson...
[2025-03-15 20:04:13] INFO: Aplicando plugin toObject...
[2025-03-15 20:04:13] INFO: Aplicando plugin de timestamps...
[2025-03-15 20:04:13] INFO: Aplicando plugin toJson...
[2025-03-15 20:04:13] INFO: Aplicando plugin toObject...
[2025-03-15 20:04:13] INFO: Aplicando plugin de timestamps...
[2025-03-15 20:04:13] INFO: Aplicando plugin toJson...
[2025-03-15 20:04:13] INFO: Aplicando plugin toObject...
[2025-03-15 20:04:13] INFO: Aplicando plugin de timestamps...
[2025-03-15 20:04:13] INFO: Aplicando plugin toJson...
[2025-03-15 20:04:13] INFO: Aplicando plugin toObject...
[2025-03-15 20:04:13] INFO: Aplicando plugin de timestamps...
[2025-03-15 20:04:13] INFO: Aplicando plugin toJson...
[2025-03-15 20:04:13] INFO: Aplicando plugin toObject...
[2025-03-15 20:04:13] INFO: Aplicando plugin de timestamps...
[2025-03-15 20:04:13] INFO: Aplicando plugin toJson...
[2025-03-15 20:04:13] INFO: Aplicando plugin toObject...
[2025-03-15 20:04:13] INFO: Aplicando plugin de timestamps...
[2025-03-15 20:04:13] INFO: Aplicando plugin toJson...
[2025-03-15 20:04:13] INFO: Aplicando plugin toObject...
[2025-03-15 20:04:13] INFO: Aplicando plugin de timestamps...
[2025-03-15 20:04:13] INFO: Aplicando plugin toJson...
[2025-03-15 20:04:13] INFO: Aplicando plugin toObject...
[2025-03-15 20:04:13] INFO: Aplicando plugin de timestamps...
[2025-03-15 20:04:13] INFO: Aplicando plugin toJson...
[2025-03-15 20:04:13] INFO: Aplicando plugin toObject...
[2025-03-15 20:04:13] INFO: Aplicando plugin de timestamps...
[2025-03-15 20:04:13] INFO: Aplicando plugin toJson...
[2025-03-15 20:04:13] INFO: Aplicando plugin toObject...
[2025-03-15 20:04:13] INFO: Aplicando plugin de timestamps...
[2025-03-15 20:04:13] INFO: Aplicando plugin toJson...
[2025-03-15 20:04:13] INFO: Aplicando plugin toObject...
[2025-03-15 20:04:13] INFO: Conectado a la base de datos...!
[2025-03-15 20:04:28] INFO: Aplicando plugin de timestamps...
[2025-03-15 20:04:28] INFO: Aplicando plugin toJson...
[2025-03-15 20:04:28] INFO: Aplicando plugin toObject...
[2025-03-15 20:04:28] INFO: Aplicando plugin de timestamps...
[2025-03-15 20:04:28] INFO: Aplicando plugin toJson...
[2025-03-15 20:04:28] INFO: Aplicando plugin toObject...
[2025-03-15 20:04:28] INFO: Aplicando plugin de timestamps...
[2025-03-15 20:04:28] INFO: Aplicando plugin toJson...
[2025-03-15 20:04:28] INFO: Aplicando plugin toObject...
[2025-03-15 20:04:28] INFO: Aplicando plugin de timestamps...
[2025-03-15 20:04:28] INFO: Aplicando plugin toJson...
[2025-03-15 20:04:28] INFO: Aplicando plugin toObject...
[2025-03-15 20:04:28] INFO: Aplicando plugin de timestamps...
[2025-03-15 20:04:28] INFO: Aplicando plugin toJson...
[2025-03-15 20:04:28] INFO: Aplicando plugin toObject...
[2025-03-15 20:04:28] INFO: Aplicando plugin de timestamps...
[2025-03-15 20:04:28] INFO: Aplicando plugin toJson...
[2025-03-15 20:04:28] INFO: Aplicando plugin toObject...
[2025-03-15 20:04:28] INFO: Aplicando plugin de timestamps...
[2025-03-15 20:04:28] INFO: Aplicando plugin toJson...
[2025-03-15 20:04:28] INFO: Aplicando plugin toObject...
[2025-03-15 20:04:28] INFO: Aplicando plugin de timestamps...
[2025-03-15 20:04:28] INFO: Aplicando plugin toJson...
[2025-03-15 20:04:28] INFO: Aplicando plugin toObject...
[2025-03-15 20:04:28] INFO: Aplicando plugin de timestamps...
[2025-03-15 20:04:28] INFO: Aplicando plugin toJson...
[2025-03-15 20:04:28] INFO: Aplicando plugin toObject...
[2025-03-15 20:04:28] INFO: Aplicando plugin de timestamps...
[2025-03-15 20:04:28] INFO: Aplicando plugin toJson...
[2025-03-15 20:04:28] INFO: Aplicando plugin toObject...
[2025-03-15 20:04:28] INFO: Aplicando plugin de timestamps...
[2025-03-15 20:04:28] INFO: Aplicando plugin toJson...
[2025-03-15 20:04:28] INFO: Aplicando plugin toObject...
[2025-03-15 20:04:28] INFO: Aplicando plugin de timestamps...
[2025-03-15 20:04:28] INFO: Aplicando plugin toJson...
[2025-03-15 20:04:28] INFO: Aplicando plugin toObject...
[2025-03-15 20:04:28] INFO: Aplicando plugin de timestamps...
[2025-03-15 20:04:28] INFO: Aplicando plugin toJson...
[2025-03-15 20:04:28] INFO: Aplicando plugin toObject...
[2025-03-15 20:04:28] INFO: Aplicando plugin de timestamps...
[2025-03-15 20:04:28] INFO: Aplicando plugin toJson...
[2025-03-15 20:04:28] INFO: Aplicando plugin toObject...
[2025-03-15 20:04:28] INFO: Conectado a la base de datos...!
[2025-03-15 20:04:29] INFO: Generated token: eyJhbGciOiJIUzI1NiIsInR5cCI6IkpXVCJ9.eyJ1c2VySWQiOiI2N2Q2MDVhYTJmYTVjYWIxYzU3YjAzNGYiLCJyb2xlIjoiZGV2IiwiZW5hYmxlZCI6dHJ1ZSwiaWF0IjoxNzQyMDc5ODY5LCJleHAiOjE3NDIwODM0Njl9.h2Qlac_rL7fsjMJo30uaGGpLMA4KN3BLdLYuM4rFMf4
[2025-03-15 20:04:35] INFO: Generated token: eyJhbGciOiJIUzI1NiIsInR5cCI6IkpXVCJ9.eyJ1c2VySWQiOiI2N2Q2MDZjYjljN2UwZTQzY2MwMTkxYTMiLCJyb2xlIjoiZGV2IiwiZW5hYmxlZCI6dHJ1ZSwiaWF0IjoxNzQyMDc5ODc1LCJleHAiOjE3NDIwODM0NzV9.AcOAuR_qaY02WtuuQ6Dg2geCbvSRG5QzlZBJJn8Fq70
[2025-03-15 20:04:54] INFO: Aplicando plugin de timestamps...
[2025-03-15 20:04:54] INFO: Aplicando plugin toJson...
[2025-03-15 20:04:54] INFO: Aplicando plugin toObject...
[2025-03-15 20:04:54] INFO: Aplicando plugin de timestamps...
[2025-03-15 20:04:54] INFO: Aplicando plugin toJson...
[2025-03-15 20:04:54] INFO: Aplicando plugin toObject...
[2025-03-15 20:04:54] INFO: Aplicando plugin de timestamps...
[2025-03-15 20:04:54] INFO: Aplicando plugin toJson...
[2025-03-15 20:04:54] INFO: Aplicando plugin toObject...
[2025-03-15 20:04:54] INFO: Aplicando plugin de timestamps...
[2025-03-15 20:04:54] INFO: Aplicando plugin toJson...
[2025-03-15 20:04:54] INFO: Aplicando plugin toObject...
[2025-03-15 20:04:54] INFO: Aplicando plugin de timestamps...
[2025-03-15 20:04:54] INFO: Aplicando plugin toJson...
[2025-03-15 20:04:54] INFO: Aplicando plugin toObject...
[2025-03-15 20:04:54] INFO: Aplicando plugin de timestamps...
[2025-03-15 20:04:54] INFO: Aplicando plugin toJson...
[2025-03-15 20:04:54] INFO: Aplicando plugin toObject...
[2025-03-15 20:04:54] INFO: Aplicando plugin de timestamps...
[2025-03-15 20:04:54] INFO: Aplicando plugin toJson...
[2025-03-15 20:04:54] INFO: Aplicando plugin toObject...
[2025-03-15 20:04:54] INFO: Aplicando plugin de timestamps...
[2025-03-15 20:04:54] INFO: Aplicando plugin toJson...
[2025-03-15 20:04:54] INFO: Aplicando plugin toObject...
[2025-03-15 20:04:54] INFO: Aplicando plugin de timestamps...
[2025-03-15 20:04:54] INFO: Aplicando plugin toJson...
[2025-03-15 20:04:54] INFO: Aplicando plugin toObject...
[2025-03-15 20:04:54] INFO: Aplicando plugin de timestamps...
[2025-03-15 20:04:54] INFO: Aplicando plugin toJson...
[2025-03-15 20:04:54] INFO: Aplicando plugin toObject...
[2025-03-15 20:04:54] INFO: Aplicando plugin de timestamps...
[2025-03-15 20:04:54] INFO: Aplicando plugin toJson...
[2025-03-15 20:04:54] INFO: Aplicando plugin toObject...
[2025-03-15 20:04:54] INFO: Aplicando plugin de timestamps...
[2025-03-15 20:04:54] INFO: Aplicando plugin toJson...
[2025-03-15 20:04:54] INFO: Aplicando plugin toObject...
[2025-03-15 20:04:54] INFO: Aplicando plugin de timestamps...
[2025-03-15 20:04:54] INFO: Aplicando plugin toJson...
[2025-03-15 20:04:54] INFO: Aplicando plugin toObject...
[2025-03-15 20:04:54] INFO: Aplicando plugin de timestamps...
[2025-03-15 20:04:54] INFO: Aplicando plugin toJson...
[2025-03-15 20:04:54] INFO: Aplicando plugin toObject...
[2025-03-15 20:04:54] INFO: Conectado a la base de datos...!
[2025-03-15 20:05:12] INFO: Aplicando plugin de timestamps...
[2025-03-15 20:05:12] INFO: Aplicando plugin toJson...
[2025-03-15 20:05:12] INFO: Aplicando plugin toObject...
[2025-03-15 20:05:12] INFO: Aplicando plugin de timestamps...
[2025-03-15 20:05:12] INFO: Aplicando plugin toJson...
[2025-03-15 20:05:12] INFO: Aplicando plugin toObject...
[2025-03-15 20:05:12] INFO: Aplicando plugin de timestamps...
[2025-03-15 20:05:12] INFO: Aplicando plugin toJson...
[2025-03-15 20:05:12] INFO: Aplicando plugin toObject...
[2025-03-15 20:05:12] INFO: Aplicando plugin de timestamps...
[2025-03-15 20:05:12] INFO: Aplicando plugin toJson...
[2025-03-15 20:05:12] INFO: Aplicando plugin toObject...
[2025-03-15 20:05:12] INFO: Aplicando plugin de timestamps...
[2025-03-15 20:05:12] INFO: Aplicando plugin toJson...
[2025-03-15 20:05:12] INFO: Aplicando plugin toObject...
[2025-03-15 20:05:12] INFO: Aplicando plugin de timestamps...
[2025-03-15 20:05:12] INFO: Aplicando plugin toJson...
[2025-03-15 20:05:12] INFO: Aplicando plugin toObject...
[2025-03-15 20:05:12] INFO: Aplicando plugin de timestamps...
[2025-03-15 20:05:12] INFO: Aplicando plugin toJson...
[2025-03-15 20:05:12] INFO: Aplicando plugin toObject...
[2025-03-15 20:05:12] INFO: Aplicando plugin de timestamps...
[2025-03-15 20:05:12] INFO: Aplicando plugin toJson...
[2025-03-15 20:05:12] INFO: Aplicando plugin toObject...
[2025-03-15 20:05:12] INFO: Aplicando plugin de timestamps...
[2025-03-15 20:05:12] INFO: Aplicando plugin toJson...
[2025-03-15 20:05:12] INFO: Aplicando plugin toObject...
[2025-03-15 20:05:12] INFO: Aplicando plugin de timestamps...
[2025-03-15 20:05:12] INFO: Aplicando plugin toJson...
[2025-03-15 20:05:12] INFO: Aplicando plugin toObject...
[2025-03-15 20:05:12] INFO: Aplicando plugin de timestamps...
[2025-03-15 20:05:12] INFO: Aplicando plugin toJson...
[2025-03-15 20:05:12] INFO: Aplicando plugin toObject...
[2025-03-15 20:05:12] INFO: Aplicando plugin de timestamps...
[2025-03-15 20:05:12] INFO: Aplicando plugin toJson...
[2025-03-15 20:05:12] INFO: Aplicando plugin toObject...
[2025-03-15 20:05:12] INFO: Aplicando plugin de timestamps...
[2025-03-15 20:05:12] INFO: Aplicando plugin toJson...
[2025-03-15 20:05:12] INFO: Aplicando plugin toObject...
[2025-03-15 20:05:12] INFO: Aplicando plugin de timestamps...
[2025-03-15 20:05:12] INFO: Aplicando plugin toJson...
[2025-03-15 20:05:12] INFO: Aplicando plugin toObject...
[2025-03-15 20:05:12] INFO: Conectado a la base de datos...!
[2025-03-15 20:07:28] INFO: Aplicando plugin de timestamps...
[2025-03-15 20:07:28] INFO: Aplicando plugin toJson...
[2025-03-15 20:07:28] INFO: Aplicando plugin toObject...
[2025-03-15 20:07:28] INFO: Aplicando plugin de timestamps...
[2025-03-15 20:07:28] INFO: Aplicando plugin toJson...
[2025-03-15 20:07:28] INFO: Aplicando plugin toObject...
[2025-03-15 20:07:28] INFO: Aplicando plugin de timestamps...
[2025-03-15 20:07:28] INFO: Aplicando plugin toJson...
[2025-03-15 20:07:28] INFO: Aplicando plugin toObject...
[2025-03-15 20:07:28] INFO: Aplicando plugin de timestamps...
[2025-03-15 20:07:28] INFO: Aplicando plugin toJson...
[2025-03-15 20:07:28] INFO: Aplicando plugin toObject...
[2025-03-15 20:07:28] INFO: Aplicando plugin de timestamps...
[2025-03-15 20:07:28] INFO: Aplicando plugin toJson...
[2025-03-15 20:07:28] INFO: Aplicando plugin toObject...
[2025-03-15 20:07:28] INFO: Aplicando plugin de timestamps...
[2025-03-15 20:07:28] INFO: Aplicando plugin toJson...
[2025-03-15 20:07:28] INFO: Aplicando plugin toObject...
[2025-03-15 20:07:28] INFO: Aplicando plugin de timestamps...
[2025-03-15 20:07:28] INFO: Aplicando plugin toJson...
[2025-03-15 20:07:28] INFO: Aplicando plugin toObject...
[2025-03-15 20:07:28] INFO: Aplicando plugin de timestamps...
[2025-03-15 20:07:28] INFO: Aplicando plugin toJson...
[2025-03-15 20:07:28] INFO: Aplicando plugin toObject...
[2025-03-15 20:07:28] INFO: Aplicando plugin de timestamps...
[2025-03-15 20:07:28] INFO: Aplicando plugin toJson...
[2025-03-15 20:07:28] INFO: Aplicando plugin toObject...
[2025-03-15 20:07:28] INFO: Aplicando plugin de timestamps...
[2025-03-15 20:07:28] INFO: Aplicando plugin toJson...
[2025-03-15 20:07:28] INFO: Aplicando plugin toObject...
[2025-03-15 20:07:29] INFO: Aplicando plugin de timestamps...
[2025-03-15 20:07:29] INFO: Aplicando plugin toJson...
[2025-03-15 20:07:29] INFO: Aplicando plugin toObject...
[2025-03-15 20:07:29] INFO: Aplicando plugin de timestamps...
[2025-03-15 20:07:29] INFO: Aplicando plugin toJson...
[2025-03-15 20:07:29] INFO: Aplicando plugin toObject...
[2025-03-15 20:07:29] INFO: Aplicando plugin de timestamps...
[2025-03-15 20:07:29] INFO: Aplicando plugin toJson...
[2025-03-15 20:07:29] INFO: Aplicando plugin toObject...
[2025-03-15 20:07:29] INFO: Aplicando plugin de timestamps...
[2025-03-15 20:07:29] INFO: Aplicando plugin toJson...
[2025-03-15 20:07:29] INFO: Aplicando plugin toObject...
[2025-03-15 20:07:29] INFO: Conectado a la base de datos...!
[2025-03-15 20:09:36] INFO: Aplicando plugin de timestamps...
[2025-03-15 20:09:36] INFO: Aplicando plugin toJson...
[2025-03-15 20:09:36] INFO: Aplicando plugin toObject...
[2025-03-15 20:09:36] INFO: Aplicando plugin de timestamps...
[2025-03-15 20:09:36] INFO: Aplicando plugin toJson...
[2025-03-15 20:09:36] INFO: Aplicando plugin toObject...
[2025-03-15 20:09:36] INFO: Aplicando plugin de timestamps...
[2025-03-15 20:09:36] INFO: Aplicando plugin toJson...
[2025-03-15 20:09:36] INFO: Aplicando plugin toObject...
[2025-03-15 20:09:36] INFO: Aplicando plugin de timestamps...
[2025-03-15 20:09:36] INFO: Aplicando plugin toJson...
[2025-03-15 20:09:36] INFO: Aplicando plugin toObject...
[2025-03-15 20:09:36] INFO: Aplicando plugin de timestamps...
[2025-03-15 20:09:36] INFO: Aplicando plugin toJson...
[2025-03-15 20:09:36] INFO: Aplicando plugin toObject...
[2025-03-15 20:09:36] INFO: Aplicando plugin de timestamps...
[2025-03-15 20:09:36] INFO: Aplicando plugin toJson...
[2025-03-15 20:09:36] INFO: Aplicando plugin toObject...
[2025-03-15 20:09:36] INFO: Aplicando plugin de timestamps...
[2025-03-15 20:09:36] INFO: Aplicando plugin toJson...
[2025-03-15 20:09:36] INFO: Aplicando plugin toObject...
[2025-03-15 20:09:36] INFO: Aplicando plugin de timestamps...
[2025-03-15 20:09:36] INFO: Aplicando plugin toJson...
[2025-03-15 20:09:36] INFO: Aplicando plugin toObject...
[2025-03-15 20:09:36] INFO: Aplicando plugin de timestamps...
[2025-03-15 20:09:36] INFO: Aplicando plugin toJson...
[2025-03-15 20:09:36] INFO: Aplicando plugin toObject...
[2025-03-15 20:09:36] INFO: Aplicando plugin de timestamps...
[2025-03-15 20:09:36] INFO: Aplicando plugin toJson...
[2025-03-15 20:09:36] INFO: Aplicando plugin toObject...
[2025-03-15 20:09:36] INFO: Aplicando plugin de timestamps...
[2025-03-15 20:09:36] INFO: Aplicando plugin toJson...
[2025-03-15 20:09:36] INFO: Aplicando plugin toObject...
[2025-03-15 20:09:36] INFO: Aplicando plugin de timestamps...
[2025-03-15 20:09:36] INFO: Aplicando plugin toJson...
[2025-03-15 20:09:36] INFO: Aplicando plugin toObject...
[2025-03-15 20:09:36] INFO: Aplicando plugin de timestamps...
[2025-03-15 20:09:36] INFO: Aplicando plugin toJson...
[2025-03-15 20:09:36] INFO: Aplicando plugin toObject...
[2025-03-15 20:09:36] INFO: Aplicando plugin de timestamps...
[2025-03-15 20:09:36] INFO: Aplicando plugin toJson...
[2025-03-15 20:09:36] INFO: Aplicando plugin toObject...
[2025-03-15 20:09:37] INFO: Conectado a la base de datos...!
[2025-03-15 20:33:18] INFO: Aplicando plugin de timestamps...
[2025-03-15 20:33:18] INFO: Aplicando plugin toJson...
[2025-03-15 20:33:18] INFO: Aplicando plugin toObject...
[2025-03-15 20:33:18] INFO: Aplicando plugin de timestamps...
[2025-03-15 20:33:18] INFO: Aplicando plugin toJson...
[2025-03-15 20:33:18] INFO: Aplicando plugin toObject...
[2025-03-15 20:33:18] INFO: Aplicando plugin de timestamps...
[2025-03-15 20:33:18] INFO: Aplicando plugin toJson...
[2025-03-15 20:33:18] INFO: Aplicando plugin toObject...
[2025-03-15 20:33:18] INFO: Aplicando plugin de timestamps...
[2025-03-15 20:33:18] INFO: Aplicando plugin toJson...
[2025-03-15 20:33:18] INFO: Aplicando plugin toObject...
[2025-03-15 20:33:18] INFO: Aplicando plugin de timestamps...
[2025-03-15 20:33:18] INFO: Aplicando plugin toJson...
[2025-03-15 20:33:18] INFO: Aplicando plugin toObject...
[2025-03-15 20:33:18] INFO: Aplicando plugin de timestamps...
[2025-03-15 20:33:18] INFO: Aplicando plugin toJson...
[2025-03-15 20:33:18] INFO: Aplicando plugin toObject...
[2025-03-15 20:33:18] INFO: Aplicando plugin de timestamps...
[2025-03-15 20:33:18] INFO: Aplicando plugin toJson...
[2025-03-15 20:33:18] INFO: Aplicando plugin toObject...
[2025-03-15 20:33:18] INFO: Aplicando plugin de timestamps...
[2025-03-15 20:33:18] INFO: Aplicando plugin toJson...
[2025-03-15 20:33:18] INFO: Aplicando plugin toObject...
[2025-03-15 20:33:18] INFO: Aplicando plugin de timestamps...
[2025-03-15 20:33:18] INFO: Aplicando plugin toJson...
[2025-03-15 20:33:18] INFO: Aplicando plugin toObject...
[2025-03-15 20:33:18] INFO: Aplicando plugin de timestamps...
[2025-03-15 20:33:18] INFO: Aplicando plugin toJson...
[2025-03-15 20:33:18] INFO: Aplicando plugin toObject...
[2025-03-15 20:33:18] INFO: Aplicando plugin de timestamps...
[2025-03-15 20:33:18] INFO: Aplicando plugin toJson...
[2025-03-15 20:33:18] INFO: Aplicando plugin toObject...
[2025-03-15 20:33:18] INFO: Aplicando plugin de timestamps...
[2025-03-15 20:33:18] INFO: Aplicando plugin toJson...
[2025-03-15 20:33:18] INFO: Aplicando plugin toObject...
[2025-03-15 20:33:18] INFO: Aplicando plugin de timestamps...
[2025-03-15 20:33:18] INFO: Aplicando plugin toJson...
[2025-03-15 20:33:18] INFO: Aplicando plugin toObject...
[2025-03-15 20:33:18] INFO: Aplicando plugin de timestamps...
[2025-03-15 20:33:18] INFO: Aplicando plugin toJson...
[2025-03-15 20:33:18] INFO: Aplicando plugin toObject...
[2025-03-15 20:33:19] INFO: Conectado a la base de datos...!
[2025-03-15 20:33:26] INFO: Generated token: eyJhbGciOiJIUzI1NiIsInR5cCI6IkpXVCJ9.eyJ1c2VySWQiOiI2N2Q2MDZjYjljN2UwZTQzY2MwMTkxYTMiLCJyb2xlIjoiZGV2IiwiZW5hYmxlZCI6dHJ1ZSwiaWF0IjoxNzQyMDgxNjA2LCJleHAiOjE3NDIwODUyMDZ9.nhejjAk8nynFUE7Ym87P_1yb1MS4gmM0zXQqyoZTCIE
[2025-03-15 20:33:32] INFO: Generated token: eyJhbGciOiJIUzI1NiIsInR5cCI6IkpXVCJ9.eyJ1c2VySWQiOiI2N2Q2MDVhYTJmYTVjYWIxYzU3YjAzNGYiLCJyb2xlIjoiZGV2IiwiZW5hYmxlZCI6dHJ1ZSwiaWF0IjoxNzQyMDgxNjEyLCJleHAiOjE3NDIwODUyMTJ9.7XslD7PsuFdln5g7J2ULQQ3nR9fTVIPutiuP73ZVqsA
[2025-03-15 20:34:25] INFO: Aplicando plugin de timestamps...
[2025-03-15 20:34:25] INFO: Aplicando plugin toJson...
[2025-03-15 20:34:25] INFO: Aplicando plugin toObject...
[2025-03-15 20:34:25] INFO: Aplicando plugin de timestamps...
[2025-03-15 20:34:25] INFO: Aplicando plugin toJson...
[2025-03-15 20:34:25] INFO: Aplicando plugin toObject...
[2025-03-15 20:34:25] INFO: Aplicando plugin de timestamps...
[2025-03-15 20:34:25] INFO: Aplicando plugin toJson...
[2025-03-15 20:34:25] INFO: Aplicando plugin toObject...
[2025-03-15 20:34:25] INFO: Aplicando plugin de timestamps...
[2025-03-15 20:34:25] INFO: Aplicando plugin toJson...
[2025-03-15 20:34:25] INFO: Aplicando plugin toObject...
[2025-03-15 20:34:25] INFO: Aplicando plugin de timestamps...
[2025-03-15 20:34:25] INFO: Aplicando plugin toJson...
[2025-03-15 20:34:25] INFO: Aplicando plugin toObject...
[2025-03-15 20:34:25] INFO: Aplicando plugin de timestamps...
[2025-03-15 20:34:25] INFO: Aplicando plugin toJson...
[2025-03-15 20:34:25] INFO: Aplicando plugin toObject...
[2025-03-15 20:34:25] INFO: Aplicando plugin de timestamps...
[2025-03-15 20:34:25] INFO: Aplicando plugin toJson...
[2025-03-15 20:34:25] INFO: Aplicando plugin toObject...
[2025-03-15 20:34:25] INFO: Aplicando plugin de timestamps...
[2025-03-15 20:34:25] INFO: Aplicando plugin toJson...
[2025-03-15 20:34:25] INFO: Aplicando plugin toObject...
[2025-03-15 20:34:25] INFO: Aplicando plugin de timestamps...
[2025-03-15 20:34:25] INFO: Aplicando plugin toJson...
[2025-03-15 20:34:25] INFO: Aplicando plugin toObject...
[2025-03-15 20:34:25] INFO: Aplicando plugin de timestamps...
[2025-03-15 20:34:25] INFO: Aplicando plugin toJson...
[2025-03-15 20:34:25] INFO: Aplicando plugin toObject...
[2025-03-15 20:34:25] INFO: Aplicando plugin de timestamps...
[2025-03-15 20:34:25] INFO: Aplicando plugin toJson...
[2025-03-15 20:34:25] INFO: Aplicando plugin toObject...
[2025-03-15 20:34:25] INFO: Aplicando plugin de timestamps...
[2025-03-15 20:34:25] INFO: Aplicando plugin toJson...
[2025-03-15 20:34:25] INFO: Aplicando plugin toObject...
[2025-03-15 20:34:25] INFO: Aplicando plugin de timestamps...
[2025-03-15 20:34:25] INFO: Aplicando plugin toJson...
[2025-03-15 20:34:25] INFO: Aplicando plugin toObject...
[2025-03-15 20:34:25] INFO: Aplicando plugin de timestamps...
[2025-03-15 20:34:25] INFO: Aplicando plugin toJson...
[2025-03-15 20:34:25] INFO: Aplicando plugin toObject...
[2025-03-15 20:34:25] INFO: Conectado a la base de datos...!
[2025-03-15 20:35:17] INFO: Aplicando plugin de timestamps...
[2025-03-15 20:35:17] INFO: Aplicando plugin toJson...
[2025-03-15 20:35:17] INFO: Aplicando plugin toObject...
[2025-03-15 20:35:17] INFO: Aplicando plugin de timestamps...
[2025-03-15 20:35:17] INFO: Aplicando plugin toJson...
[2025-03-15 20:35:17] INFO: Aplicando plugin toObject...
[2025-03-15 20:35:17] INFO: Aplicando plugin de timestamps...
[2025-03-15 20:35:17] INFO: Aplicando plugin toJson...
[2025-03-15 20:35:17] INFO: Aplicando plugin toObject...
[2025-03-15 20:35:17] INFO: Aplicando plugin de timestamps...
[2025-03-15 20:35:17] INFO: Aplicando plugin toJson...
[2025-03-15 20:35:17] INFO: Aplicando plugin toObject...
[2025-03-15 20:35:17] INFO: Aplicando plugin de timestamps...
[2025-03-15 20:35:17] INFO: Aplicando plugin toJson...
[2025-03-15 20:35:17] INFO: Aplicando plugin toObject...
[2025-03-15 20:35:17] INFO: Aplicando plugin de timestamps...
[2025-03-15 20:35:17] INFO: Aplicando plugin toJson...
[2025-03-15 20:35:17] INFO: Aplicando plugin toObject...
[2025-03-15 20:35:17] INFO: Aplicando plugin de timestamps...
[2025-03-15 20:35:17] INFO: Aplicando plugin toJson...
[2025-03-15 20:35:17] INFO: Aplicando plugin toObject...
[2025-03-15 20:35:17] INFO: Aplicando plugin de timestamps...
[2025-03-15 20:35:17] INFO: Aplicando plugin toJson...
[2025-03-15 20:35:17] INFO: Aplicando plugin toObject...
[2025-03-15 20:35:17] INFO: Aplicando plugin de timestamps...
[2025-03-15 20:35:17] INFO: Aplicando plugin toJson...
[2025-03-15 20:35:17] INFO: Aplicando plugin toObject...
[2025-03-15 20:35:17] INFO: Aplicando plugin de timestamps...
[2025-03-15 20:35:17] INFO: Aplicando plugin toJson...
[2025-03-15 20:35:17] INFO: Aplicando plugin toObject...
[2025-03-15 20:35:17] INFO: Aplicando plugin de timestamps...
[2025-03-15 20:35:17] INFO: Aplicando plugin toJson...
[2025-03-15 20:35:17] INFO: Aplicando plugin toObject...
[2025-03-15 20:35:17] INFO: Aplicando plugin de timestamps...
[2025-03-15 20:35:17] INFO: Aplicando plugin toJson...
[2025-03-15 20:35:17] INFO: Aplicando plugin toObject...
[2025-03-15 20:35:17] INFO: Aplicando plugin de timestamps...
[2025-03-15 20:35:17] INFO: Aplicando plugin toJson...
[2025-03-15 20:35:17] INFO: Aplicando plugin toObject...
[2025-03-15 20:35:17] INFO: Aplicando plugin de timestamps...
[2025-03-15 20:35:17] INFO: Aplicando plugin toJson...
[2025-03-15 20:35:17] INFO: Aplicando plugin toObject...
[2025-03-15 20:35:17] INFO: Conectado a la base de datos...!
[2025-03-15 20:37:21] INFO: Aplicando plugin de timestamps...
[2025-03-15 20:37:21] INFO: Aplicando plugin toJson...
[2025-03-15 20:37:21] INFO: Aplicando plugin toObject...
[2025-03-15 20:37:22] INFO: Aplicando plugin de timestamps...
[2025-03-15 20:37:22] INFO: Aplicando plugin toJson...
[2025-03-15 20:37:22] INFO: Aplicando plugin toObject...
[2025-03-15 20:37:22] INFO: Aplicando plugin de timestamps...
[2025-03-15 20:37:22] INFO: Aplicando plugin toJson...
[2025-03-15 20:37:22] INFO: Aplicando plugin toObject...
[2025-03-15 20:37:22] INFO: Aplicando plugin de timestamps...
[2025-03-15 20:37:22] INFO: Aplicando plugin toJson...
[2025-03-15 20:37:22] INFO: Aplicando plugin toObject...
[2025-03-15 20:37:22] INFO: Aplicando plugin de timestamps...
[2025-03-15 20:37:22] INFO: Aplicando plugin toJson...
[2025-03-15 20:37:22] INFO: Aplicando plugin toObject...
[2025-03-15 20:37:22] INFO: Aplicando plugin de timestamps...
[2025-03-15 20:37:22] INFO: Aplicando plugin toJson...
[2025-03-15 20:37:22] INFO: Aplicando plugin toObject...
[2025-03-15 20:37:22] INFO: Aplicando plugin de timestamps...
[2025-03-15 20:37:22] INFO: Aplicando plugin toJson...
[2025-03-15 20:37:22] INFO: Aplicando plugin toObject...
[2025-03-15 20:37:22] INFO: Aplicando plugin de timestamps...
[2025-03-15 20:37:22] INFO: Aplicando plugin toJson...
[2025-03-15 20:37:22] INFO: Aplicando plugin toObject...
[2025-03-15 20:37:22] INFO: Aplicando plugin de timestamps...
[2025-03-15 20:37:22] INFO: Aplicando plugin toJson...
[2025-03-15 20:37:22] INFO: Aplicando plugin toObject...
[2025-03-15 20:37:22] INFO: Aplicando plugin de timestamps...
[2025-03-15 20:37:22] INFO: Aplicando plugin toJson...
[2025-03-15 20:37:22] INFO: Aplicando plugin toObject...
[2025-03-15 20:37:22] INFO: Aplicando plugin de timestamps...
[2025-03-15 20:37:22] INFO: Aplicando plugin toJson...
[2025-03-15 20:37:22] INFO: Aplicando plugin toObject...
[2025-03-15 20:37:22] INFO: Aplicando plugin de timestamps...
[2025-03-15 20:37:22] INFO: Aplicando plugin toJson...
[2025-03-15 20:37:22] INFO: Aplicando plugin toObject...
[2025-03-15 20:37:22] INFO: Aplicando plugin de timestamps...
[2025-03-15 20:37:22] INFO: Aplicando plugin toJson...
[2025-03-15 20:37:22] INFO: Aplicando plugin toObject...
[2025-03-15 20:37:22] INFO: Aplicando plugin de timestamps...
[2025-03-15 20:37:22] INFO: Aplicando plugin toJson...
[2025-03-15 20:37:22] INFO: Aplicando plugin toObject...
[2025-03-15 20:37:22] INFO: Conectado a la base de datos...!
[2025-03-15 20:38:25] INFO: Aplicando plugin de timestamps...
[2025-03-15 20:38:25] INFO: Aplicando plugin toJson...
[2025-03-15 20:38:25] INFO: Aplicando plugin toObject...
[2025-03-15 20:38:25] INFO: Aplicando plugin de timestamps...
[2025-03-15 20:38:25] INFO: Aplicando plugin toJson...
[2025-03-15 20:38:25] INFO: Aplicando plugin toObject...
[2025-03-15 20:38:25] INFO: Aplicando plugin de timestamps...
[2025-03-15 20:38:25] INFO: Aplicando plugin toJson...
[2025-03-15 20:38:25] INFO: Aplicando plugin toObject...
[2025-03-15 20:38:25] INFO: Aplicando plugin de timestamps...
[2025-03-15 20:38:25] INFO: Aplicando plugin toJson...
[2025-03-15 20:38:25] INFO: Aplicando plugin toObject...
[2025-03-15 20:38:25] INFO: Aplicando plugin de timestamps...
[2025-03-15 20:38:25] INFO: Aplicando plugin toJson...
[2025-03-15 20:38:25] INFO: Aplicando plugin toObject...
[2025-03-15 20:38:25] INFO: Aplicando plugin de timestamps...
[2025-03-15 20:38:25] INFO: Aplicando plugin toJson...
[2025-03-15 20:38:25] INFO: Aplicando plugin toObject...
[2025-03-15 20:38:25] INFO: Aplicando plugin de timestamps...
[2025-03-15 20:38:25] INFO: Aplicando plugin toJson...
[2025-03-15 20:38:25] INFO: Aplicando plugin toObject...
[2025-03-15 20:38:25] INFO: Aplicando plugin de timestamps...
[2025-03-15 20:38:25] INFO: Aplicando plugin toJson...
[2025-03-15 20:38:25] INFO: Aplicando plugin toObject...
[2025-03-15 20:38:25] INFO: Aplicando plugin de timestamps...
[2025-03-15 20:38:25] INFO: Aplicando plugin toJson...
[2025-03-15 20:38:25] INFO: Aplicando plugin toObject...
[2025-03-15 20:38:25] INFO: Aplicando plugin de timestamps...
[2025-03-15 20:38:25] INFO: Aplicando plugin toJson...
[2025-03-15 20:38:25] INFO: Aplicando plugin toObject...
[2025-03-15 20:38:25] INFO: Aplicando plugin de timestamps...
[2025-03-15 20:38:25] INFO: Aplicando plugin toJson...
[2025-03-15 20:38:25] INFO: Aplicando plugin toObject...
[2025-03-15 20:38:25] INFO: Aplicando plugin de timestamps...
[2025-03-15 20:38:25] INFO: Aplicando plugin toJson...
[2025-03-15 20:38:25] INFO: Aplicando plugin toObject...
[2025-03-15 20:38:25] INFO: Aplicando plugin de timestamps...
[2025-03-15 20:38:25] INFO: Aplicando plugin toJson...
[2025-03-15 20:38:25] INFO: Aplicando plugin toObject...
[2025-03-15 20:38:25] INFO: Aplicando plugin de timestamps...
[2025-03-15 20:38:25] INFO: Aplicando plugin toJson...
[2025-03-15 20:38:25] INFO: Aplicando plugin toObject...
[2025-03-15 20:38:25] INFO: Conectado a la base de datos...!
[2025-03-15 20:40:03] INFO: Aplicando plugin de timestamps...
[2025-03-15 20:40:03] INFO: Aplicando plugin toJson...
[2025-03-15 20:40:03] INFO: Aplicando plugin toObject...
[2025-03-15 20:40:03] INFO: Aplicando plugin de timestamps...
[2025-03-15 20:40:03] INFO: Aplicando plugin toJson...
[2025-03-15 20:40:03] INFO: Aplicando plugin toObject...
[2025-03-15 20:40:03] INFO: Aplicando plugin de timestamps...
[2025-03-15 20:40:03] INFO: Aplicando plugin toJson...
[2025-03-15 20:40:03] INFO: Aplicando plugin toObject...
[2025-03-15 20:40:03] INFO: Aplicando plugin de timestamps...
[2025-03-15 20:40:03] INFO: Aplicando plugin toJson...
[2025-03-15 20:40:03] INFO: Aplicando plugin toObject...
[2025-03-15 20:40:03] INFO: Aplicando plugin de timestamps...
[2025-03-15 20:40:03] INFO: Aplicando plugin toJson...
[2025-03-15 20:40:03] INFO: Aplicando plugin toObject...
[2025-03-15 20:40:03] INFO: Aplicando plugin de timestamps...
[2025-03-15 20:40:03] INFO: Aplicando plugin toJson...
[2025-03-15 20:40:03] INFO: Aplicando plugin toObject...
[2025-03-15 20:40:03] INFO: Aplicando plugin de timestamps...
[2025-03-15 20:40:03] INFO: Aplicando plugin toJson...
[2025-03-15 20:40:03] INFO: Aplicando plugin toObject...
[2025-03-15 20:40:03] INFO: Aplicando plugin de timestamps...
[2025-03-15 20:40:03] INFO: Aplicando plugin toJson...
[2025-03-15 20:40:03] INFO: Aplicando plugin toObject...
[2025-03-15 20:40:03] INFO: Aplicando plugin de timestamps...
[2025-03-15 20:40:03] INFO: Aplicando plugin toJson...
[2025-03-15 20:40:03] INFO: Aplicando plugin toObject...
[2025-03-15 20:40:03] INFO: Aplicando plugin de timestamps...
[2025-03-15 20:40:03] INFO: Aplicando plugin toJson...
[2025-03-15 20:40:03] INFO: Aplicando plugin toObject...
[2025-03-15 20:40:03] INFO: Aplicando plugin de timestamps...
[2025-03-15 20:40:03] INFO: Aplicando plugin toJson...
[2025-03-15 20:40:03] INFO: Aplicando plugin toObject...
[2025-03-15 20:40:03] INFO: Aplicando plugin de timestamps...
[2025-03-15 20:40:03] INFO: Aplicando plugin toJson...
[2025-03-15 20:40:03] INFO: Aplicando plugin toObject...
[2025-03-15 20:40:03] INFO: Aplicando plugin de timestamps...
[2025-03-15 20:40:03] INFO: Aplicando plugin toJson...
[2025-03-15 20:40:03] INFO: Aplicando plugin toObject...
[2025-03-15 20:40:03] INFO: Aplicando plugin de timestamps...
[2025-03-15 20:40:03] INFO: Aplicando plugin toJson...
[2025-03-15 20:40:03] INFO: Aplicando plugin toObject...
[2025-03-15 20:40:03] INFO: Conectado a la base de datos...!
[2025-03-15 20:41:19] INFO: Aplicando plugin de timestamps...
[2025-03-15 20:41:19] INFO: Aplicando plugin toJson...
[2025-03-15 20:41:19] INFO: Aplicando plugin toObject...
[2025-03-15 20:41:19] INFO: Aplicando plugin de timestamps...
[2025-03-15 20:41:19] INFO: Aplicando plugin toJson...
[2025-03-15 20:41:19] INFO: Aplicando plugin toObject...
[2025-03-15 20:41:19] INFO: Aplicando plugin de timestamps...
[2025-03-15 20:41:19] INFO: Aplicando plugin toJson...
[2025-03-15 20:41:19] INFO: Aplicando plugin toObject...
[2025-03-15 20:41:19] INFO: Aplicando plugin de timestamps...
[2025-03-15 20:41:19] INFO: Aplicando plugin toJson...
[2025-03-15 20:41:19] INFO: Aplicando plugin toObject...
[2025-03-15 20:41:19] INFO: Aplicando plugin de timestamps...
[2025-03-15 20:41:19] INFO: Aplicando plugin toJson...
[2025-03-15 20:41:19] INFO: Aplicando plugin toObject...
[2025-03-15 20:41:19] INFO: Aplicando plugin de timestamps...
[2025-03-15 20:41:19] INFO: Aplicando plugin toJson...
[2025-03-15 20:41:19] INFO: Aplicando plugin toObject...
[2025-03-15 20:41:19] INFO: Aplicando plugin de timestamps...
[2025-03-15 20:41:19] INFO: Aplicando plugin toJson...
[2025-03-15 20:41:19] INFO: Aplicando plugin toObject...
[2025-03-15 20:41:19] INFO: Aplicando plugin de timestamps...
[2025-03-15 20:41:19] INFO: Aplicando plugin toJson...
[2025-03-15 20:41:19] INFO: Aplicando plugin toObject...
[2025-03-15 20:41:19] INFO: Aplicando plugin de timestamps...
[2025-03-15 20:41:19] INFO: Aplicando plugin toJson...
[2025-03-15 20:41:19] INFO: Aplicando plugin toObject...
[2025-03-15 20:41:19] INFO: Aplicando plugin de timestamps...
[2025-03-15 20:41:19] INFO: Aplicando plugin toJson...
[2025-03-15 20:41:19] INFO: Aplicando plugin toObject...
[2025-03-15 20:41:19] INFO: Aplicando plugin de timestamps...
[2025-03-15 20:41:19] INFO: Aplicando plugin toJson...
[2025-03-15 20:41:19] INFO: Aplicando plugin toObject...
[2025-03-15 20:41:19] INFO: Aplicando plugin de timestamps...
[2025-03-15 20:41:19] INFO: Aplicando plugin toJson...
[2025-03-15 20:41:19] INFO: Aplicando plugin toObject...
[2025-03-15 20:41:19] INFO: Aplicando plugin de timestamps...
[2025-03-15 20:41:19] INFO: Aplicando plugin toJson...
[2025-03-15 20:41:19] INFO: Aplicando plugin toObject...
[2025-03-15 20:41:19] INFO: Aplicando plugin de timestamps...
[2025-03-15 20:41:19] INFO: Aplicando plugin toJson...
[2025-03-15 20:41:19] INFO: Aplicando plugin toObject...
[2025-03-15 20:41:20] INFO: Conectado a la base de datos...!
[2025-03-15 20:41:57] INFO: Aplicando plugin de timestamps...
[2025-03-15 20:41:57] INFO: Aplicando plugin toJson...
[2025-03-15 20:41:57] INFO: Aplicando plugin toObject...
[2025-03-15 20:41:57] INFO: Aplicando plugin de timestamps...
[2025-03-15 20:41:57] INFO: Aplicando plugin toJson...
[2025-03-15 20:41:57] INFO: Aplicando plugin toObject...
[2025-03-15 20:41:57] INFO: Aplicando plugin de timestamps...
[2025-03-15 20:41:57] INFO: Aplicando plugin toJson...
[2025-03-15 20:41:57] INFO: Aplicando plugin toObject...
[2025-03-15 20:41:57] INFO: Aplicando plugin de timestamps...
[2025-03-15 20:41:57] INFO: Aplicando plugin toJson...
[2025-03-15 20:41:57] INFO: Aplicando plugin toObject...
[2025-03-15 20:41:57] INFO: Aplicando plugin de timestamps...
[2025-03-15 20:41:57] INFO: Aplicando plugin toJson...
[2025-03-15 20:41:57] INFO: Aplicando plugin toObject...
[2025-03-15 20:41:57] INFO: Aplicando plugin de timestamps...
[2025-03-15 20:41:57] INFO: Aplicando plugin toJson...
[2025-03-15 20:41:57] INFO: Aplicando plugin toObject...
[2025-03-15 20:41:57] INFO: Aplicando plugin de timestamps...
[2025-03-15 20:41:57] INFO: Aplicando plugin toJson...
[2025-03-15 20:41:57] INFO: Aplicando plugin toObject...
[2025-03-15 20:41:57] INFO: Aplicando plugin de timestamps...
[2025-03-15 20:41:57] INFO: Aplicando plugin toJson...
[2025-03-15 20:41:57] INFO: Aplicando plugin toObject...
[2025-03-15 20:41:57] INFO: Aplicando plugin de timestamps...
[2025-03-15 20:41:57] INFO: Aplicando plugin toJson...
[2025-03-15 20:41:57] INFO: Aplicando plugin toObject...
[2025-03-15 20:41:57] INFO: Aplicando plugin de timestamps...
[2025-03-15 20:41:57] INFO: Aplicando plugin toJson...
[2025-03-15 20:41:57] INFO: Aplicando plugin toObject...
[2025-03-15 20:41:57] INFO: Aplicando plugin de timestamps...
[2025-03-15 20:41:57] INFO: Aplicando plugin toJson...
[2025-03-15 20:41:57] INFO: Aplicando plugin toObject...
[2025-03-15 20:41:57] INFO: Aplicando plugin de timestamps...
[2025-03-15 20:41:57] INFO: Aplicando plugin toJson...
[2025-03-15 20:41:57] INFO: Aplicando plugin toObject...
[2025-03-15 20:41:57] INFO: Aplicando plugin de timestamps...
[2025-03-15 20:41:57] INFO: Aplicando plugin toJson...
[2025-03-15 20:41:57] INFO: Aplicando plugin toObject...
[2025-03-15 20:41:57] INFO: Aplicando plugin de timestamps...
[2025-03-15 20:41:57] INFO: Aplicando plugin toJson...
[2025-03-15 20:41:57] INFO: Aplicando plugin toObject...
[2025-03-15 20:41:57] INFO: Conectado a la base de datos...!
[2025-03-15 20:42:55] INFO: Aplicando plugin de timestamps...
[2025-03-15 20:42:55] INFO: Aplicando plugin toJson...
[2025-03-15 20:42:55] INFO: Aplicando plugin toObject...
[2025-03-15 20:42:55] INFO: Aplicando plugin de timestamps...
[2025-03-15 20:42:55] INFO: Aplicando plugin toJson...
[2025-03-15 20:42:55] INFO: Aplicando plugin toObject...
[2025-03-15 20:42:55] INFO: Aplicando plugin de timestamps...
[2025-03-15 20:42:55] INFO: Aplicando plugin toJson...
[2025-03-15 20:42:55] INFO: Aplicando plugin toObject...
[2025-03-15 20:42:55] INFO: Aplicando plugin de timestamps...
[2025-03-15 20:42:55] INFO: Aplicando plugin toJson...
[2025-03-15 20:42:55] INFO: Aplicando plugin toObject...
[2025-03-15 20:42:55] INFO: Aplicando plugin de timestamps...
[2025-03-15 20:42:55] INFO: Aplicando plugin toJson...
[2025-03-15 20:42:55] INFO: Aplicando plugin toObject...
[2025-03-15 20:42:55] INFO: Aplicando plugin de timestamps...
[2025-03-15 20:42:55] INFO: Aplicando plugin toJson...
[2025-03-15 20:42:55] INFO: Aplicando plugin toObject...
[2025-03-15 20:42:55] INFO: Aplicando plugin de timestamps...
[2025-03-15 20:42:55] INFO: Aplicando plugin toJson...
[2025-03-15 20:42:55] INFO: Aplicando plugin toObject...
[2025-03-15 20:42:55] INFO: Aplicando plugin de timestamps...
[2025-03-15 20:42:55] INFO: Aplicando plugin toJson...
[2025-03-15 20:42:55] INFO: Aplicando plugin toObject...
[2025-03-15 20:42:55] INFO: Aplicando plugin de timestamps...
[2025-03-15 20:42:55] INFO: Aplicando plugin toJson...
[2025-03-15 20:42:55] INFO: Aplicando plugin toObject...
[2025-03-15 20:42:55] INFO: Aplicando plugin de timestamps...
[2025-03-15 20:42:55] INFO: Aplicando plugin toJson...
[2025-03-15 20:42:55] INFO: Aplicando plugin toObject...
[2025-03-15 20:42:55] INFO: Aplicando plugin de timestamps...
[2025-03-15 20:42:55] INFO: Aplicando plugin toJson...
[2025-03-15 20:42:55] INFO: Aplicando plugin toObject...
[2025-03-15 20:42:55] INFO: Aplicando plugin de timestamps...
[2025-03-15 20:42:55] INFO: Aplicando plugin toJson...
[2025-03-15 20:42:55] INFO: Aplicando plugin toObject...
[2025-03-15 20:42:55] INFO: Aplicando plugin de timestamps...
[2025-03-15 20:42:55] INFO: Aplicando plugin toJson...
[2025-03-15 20:42:55] INFO: Aplicando plugin toObject...
[2025-03-15 20:42:55] INFO: Aplicando plugin de timestamps...
[2025-03-15 20:42:55] INFO: Aplicando plugin toJson...
[2025-03-15 20:42:55] INFO: Aplicando plugin toObject...
[2025-03-15 20:42:56] INFO: Conectado a la base de datos...!
[2025-03-15 20:43:20] INFO: Aplicando plugin de timestamps...
[2025-03-15 20:43:20] INFO: Aplicando plugin toJson...
[2025-03-15 20:43:20] INFO: Aplicando plugin toObject...
[2025-03-15 20:43:20] INFO: Aplicando plugin de timestamps...
[2025-03-15 20:43:20] INFO: Aplicando plugin toJson...
[2025-03-15 20:43:20] INFO: Aplicando plugin toObject...
[2025-03-15 20:43:20] INFO: Aplicando plugin de timestamps...
[2025-03-15 20:43:20] INFO: Aplicando plugin toJson...
[2025-03-15 20:43:20] INFO: Aplicando plugin toObject...
[2025-03-15 20:43:21] INFO: Aplicando plugin de timestamps...
[2025-03-15 20:43:21] INFO: Aplicando plugin toJson...
[2025-03-15 20:43:21] INFO: Aplicando plugin toObject...
[2025-03-15 20:43:21] INFO: Aplicando plugin de timestamps...
[2025-03-15 20:43:21] INFO: Aplicando plugin toJson...
[2025-03-15 20:43:21] INFO: Aplicando plugin toObject...
[2025-03-15 20:43:21] INFO: Aplicando plugin de timestamps...
[2025-03-15 20:43:21] INFO: Aplicando plugin toJson...
[2025-03-15 20:43:21] INFO: Aplicando plugin toObject...
[2025-03-15 20:43:21] INFO: Aplicando plugin de timestamps...
[2025-03-15 20:43:21] INFO: Aplicando plugin toJson...
[2025-03-15 20:43:21] INFO: Aplicando plugin toObject...
[2025-03-15 20:43:21] INFO: Aplicando plugin de timestamps...
[2025-03-15 20:43:21] INFO: Aplicando plugin toJson...
[2025-03-15 20:43:21] INFO: Aplicando plugin toObject...
[2025-03-15 20:43:21] INFO: Aplicando plugin de timestamps...
[2025-03-15 20:43:21] INFO: Aplicando plugin toJson...
[2025-03-15 20:43:21] INFO: Aplicando plugin toObject...
[2025-03-15 20:43:21] INFO: Aplicando plugin de timestamps...
[2025-03-15 20:43:21] INFO: Aplicando plugin toJson...
[2025-03-15 20:43:21] INFO: Aplicando plugin toObject...
[2025-03-15 20:43:21] INFO: Aplicando plugin de timestamps...
[2025-03-15 20:43:21] INFO: Aplicando plugin toJson...
[2025-03-15 20:43:21] INFO: Aplicando plugin toObject...
[2025-03-15 20:43:21] INFO: Aplicando plugin de timestamps...
[2025-03-15 20:43:21] INFO: Aplicando plugin toJson...
[2025-03-15 20:43:21] INFO: Aplicando plugin toObject...
[2025-03-15 20:43:21] INFO: Aplicando plugin de timestamps...
[2025-03-15 20:43:21] INFO: Aplicando plugin toJson...
[2025-03-15 20:43:21] INFO: Aplicando plugin toObject...
[2025-03-15 20:43:21] INFO: Aplicando plugin de timestamps...
[2025-03-15 20:43:21] INFO: Aplicando plugin toJson...
[2025-03-15 20:43:21] INFO: Aplicando plugin toObject...
[2025-03-15 20:43:21] INFO: Conectado a la base de datos...!
[2025-03-15 20:43:53] INFO: Aplicando plugin de timestamps...
[2025-03-15 20:43:53] INFO: Aplicando plugin toJson...
[2025-03-15 20:43:53] INFO: Aplicando plugin toObject...
[2025-03-15 20:43:53] INFO: Aplicando plugin de timestamps...
[2025-03-15 20:43:53] INFO: Aplicando plugin toJson...
[2025-03-15 20:43:53] INFO: Aplicando plugin toObject...
[2025-03-15 20:43:53] INFO: Aplicando plugin de timestamps...
[2025-03-15 20:43:53] INFO: Aplicando plugin toJson...
[2025-03-15 20:43:53] INFO: Aplicando plugin toObject...
[2025-03-15 20:43:53] INFO: Aplicando plugin de timestamps...
[2025-03-15 20:43:53] INFO: Aplicando plugin toJson...
[2025-03-15 20:43:53] INFO: Aplicando plugin toObject...
[2025-03-15 20:43:53] INFO: Aplicando plugin de timestamps...
[2025-03-15 20:43:53] INFO: Aplicando plugin toJson...
[2025-03-15 20:43:53] INFO: Aplicando plugin toObject...
[2025-03-15 20:43:53] INFO: Aplicando plugin de timestamps...
[2025-03-15 20:43:53] INFO: Aplicando plugin toJson...
[2025-03-15 20:43:53] INFO: Aplicando plugin toObject...
[2025-03-15 20:43:53] INFO: Aplicando plugin de timestamps...
[2025-03-15 20:43:53] INFO: Aplicando plugin toJson...
[2025-03-15 20:43:53] INFO: Aplicando plugin toObject...
[2025-03-15 20:43:53] INFO: Aplicando plugin de timestamps...
[2025-03-15 20:43:53] INFO: Aplicando plugin toJson...
[2025-03-15 20:43:53] INFO: Aplicando plugin toObject...
[2025-03-15 20:43:53] INFO: Aplicando plugin de timestamps...
[2025-03-15 20:43:53] INFO: Aplicando plugin toJson...
[2025-03-15 20:43:53] INFO: Aplicando plugin toObject...
[2025-03-15 20:43:53] INFO: Aplicando plugin de timestamps...
[2025-03-15 20:43:53] INFO: Aplicando plugin toJson...
[2025-03-15 20:43:53] INFO: Aplicando plugin toObject...
[2025-03-15 20:43:53] INFO: Aplicando plugin de timestamps...
[2025-03-15 20:43:53] INFO: Aplicando plugin toJson...
[2025-03-15 20:43:53] INFO: Aplicando plugin toObject...
[2025-03-15 20:43:53] INFO: Aplicando plugin de timestamps...
[2025-03-15 20:43:53] INFO: Aplicando plugin toJson...
[2025-03-15 20:43:53] INFO: Aplicando plugin toObject...
[2025-03-15 20:43:53] INFO: Aplicando plugin de timestamps...
[2025-03-15 20:43:53] INFO: Aplicando plugin toJson...
[2025-03-15 20:43:53] INFO: Aplicando plugin toObject...
[2025-03-15 20:43:53] INFO: Aplicando plugin de timestamps...
[2025-03-15 20:43:53] INFO: Aplicando plugin toJson...
[2025-03-15 20:43:53] INFO: Aplicando plugin toObject...
[2025-03-15 20:43:54] INFO: Conectado a la base de datos...!
[2025-03-15 20:45:34] INFO: Aplicando plugin de timestamps...
[2025-03-15 20:45:34] INFO: Aplicando plugin toJson...
[2025-03-15 20:45:34] INFO: Aplicando plugin toObject...
[2025-03-15 20:45:34] INFO: Aplicando plugin de timestamps...
[2025-03-15 20:45:34] INFO: Aplicando plugin toJson...
[2025-03-15 20:45:34] INFO: Aplicando plugin toObject...
[2025-03-15 20:45:34] INFO: Aplicando plugin de timestamps...
[2025-03-15 20:45:34] INFO: Aplicando plugin toJson...
[2025-03-15 20:45:34] INFO: Aplicando plugin toObject...
[2025-03-15 20:45:34] INFO: Aplicando plugin de timestamps...
[2025-03-15 20:45:34] INFO: Aplicando plugin toJson...
[2025-03-15 20:45:34] INFO: Aplicando plugin toObject...
[2025-03-15 20:45:34] INFO: Aplicando plugin de timestamps...
[2025-03-15 20:45:34] INFO: Aplicando plugin toJson...
[2025-03-15 20:45:34] INFO: Aplicando plugin toObject...
[2025-03-15 20:45:34] INFO: Aplicando plugin de timestamps...
[2025-03-15 20:45:34] INFO: Aplicando plugin toJson...
[2025-03-15 20:45:34] INFO: Aplicando plugin toObject...
[2025-03-15 20:45:34] INFO: Aplicando plugin de timestamps...
[2025-03-15 20:45:34] INFO: Aplicando plugin toJson...
[2025-03-15 20:45:34] INFO: Aplicando plugin toObject...
[2025-03-15 20:45:34] INFO: Aplicando plugin de timestamps...
[2025-03-15 20:45:34] INFO: Aplicando plugin toJson...
[2025-03-15 20:45:34] INFO: Aplicando plugin toObject...
[2025-03-15 20:45:34] INFO: Aplicando plugin de timestamps...
[2025-03-15 20:45:34] INFO: Aplicando plugin toJson...
[2025-03-15 20:45:34] INFO: Aplicando plugin toObject...
[2025-03-15 20:45:34] INFO: Aplicando plugin de timestamps...
[2025-03-15 20:45:34] INFO: Aplicando plugin toJson...
[2025-03-15 20:45:34] INFO: Aplicando plugin toObject...
[2025-03-15 20:45:34] INFO: Aplicando plugin de timestamps...
[2025-03-15 20:45:34] INFO: Aplicando plugin toJson...
[2025-03-15 20:45:34] INFO: Aplicando plugin toObject...
[2025-03-15 20:45:34] INFO: Aplicando plugin de timestamps...
[2025-03-15 20:45:34] INFO: Aplicando plugin toJson...
[2025-03-15 20:45:34] INFO: Aplicando plugin toObject...
[2025-03-15 20:45:34] INFO: Aplicando plugin de timestamps...
[2025-03-15 20:45:34] INFO: Aplicando plugin toJson...
[2025-03-15 20:45:34] INFO: Aplicando plugin toObject...
[2025-03-15 20:45:34] INFO: Aplicando plugin de timestamps...
[2025-03-15 20:45:34] INFO: Aplicando plugin toJson...
[2025-03-15 20:45:34] INFO: Aplicando plugin toObject...
[2025-03-15 20:45:35] INFO: Conectado a la base de datos...!
[2025-03-15 20:46:06] INFO: Aplicando plugin de timestamps...
[2025-03-15 20:46:06] INFO: Aplicando plugin toJson...
[2025-03-15 20:46:06] INFO: Aplicando plugin toObject...
[2025-03-15 20:46:06] INFO: Aplicando plugin de timestamps...
[2025-03-15 20:46:06] INFO: Aplicando plugin toJson...
[2025-03-15 20:46:06] INFO: Aplicando plugin toObject...
[2025-03-15 20:46:06] INFO: Aplicando plugin de timestamps...
[2025-03-15 20:46:06] INFO: Aplicando plugin toJson...
[2025-03-15 20:46:06] INFO: Aplicando plugin toObject...
[2025-03-15 20:46:06] INFO: Aplicando plugin de timestamps...
[2025-03-15 20:46:06] INFO: Aplicando plugin toJson...
[2025-03-15 20:46:06] INFO: Aplicando plugin toObject...
[2025-03-15 20:46:06] INFO: Aplicando plugin de timestamps...
[2025-03-15 20:46:06] INFO: Aplicando plugin toJson...
[2025-03-15 20:46:06] INFO: Aplicando plugin toObject...
[2025-03-15 20:46:06] INFO: Aplicando plugin de timestamps...
[2025-03-15 20:46:06] INFO: Aplicando plugin toJson...
[2025-03-15 20:46:06] INFO: Aplicando plugin toObject...
[2025-03-15 20:46:06] INFO: Aplicando plugin de timestamps...
[2025-03-15 20:46:06] INFO: Aplicando plugin toJson...
[2025-03-15 20:46:06] INFO: Aplicando plugin toObject...
[2025-03-15 20:46:06] INFO: Aplicando plugin de timestamps...
[2025-03-15 20:46:06] INFO: Aplicando plugin toJson...
[2025-03-15 20:46:06] INFO: Aplicando plugin toObject...
[2025-03-15 20:46:06] INFO: Aplicando plugin de timestamps...
[2025-03-15 20:46:06] INFO: Aplicando plugin toJson...
[2025-03-15 20:46:06] INFO: Aplicando plugin toObject...
[2025-03-15 20:46:06] INFO: Aplicando plugin de timestamps...
[2025-03-15 20:46:06] INFO: Aplicando plugin toJson...
[2025-03-15 20:46:06] INFO: Aplicando plugin toObject...
[2025-03-15 20:46:06] INFO: Aplicando plugin de timestamps...
[2025-03-15 20:46:06] INFO: Aplicando plugin toJson...
[2025-03-15 20:46:06] INFO: Aplicando plugin toObject...
[2025-03-15 20:46:06] INFO: Aplicando plugin de timestamps...
[2025-03-15 20:46:06] INFO: Aplicando plugin toJson...
[2025-03-15 20:46:06] INFO: Aplicando plugin toObject...
[2025-03-15 20:46:06] INFO: Aplicando plugin de timestamps...
[2025-03-15 20:46:06] INFO: Aplicando plugin toJson...
[2025-03-15 20:46:06] INFO: Aplicando plugin toObject...
[2025-03-15 20:46:06] INFO: Aplicando plugin de timestamps...
[2025-03-15 20:46:06] INFO: Aplicando plugin toJson...
[2025-03-15 20:46:06] INFO: Aplicando plugin toObject...
[2025-03-15 20:46:07] INFO: Conectado a la base de datos...!
[2025-03-15 20:52:36] INFO: Aplicando plugin de timestamps...
[2025-03-15 20:52:36] INFO: Aplicando plugin toJson...
[2025-03-15 20:52:36] INFO: Aplicando plugin toObject...
[2025-03-15 20:52:36] INFO: Aplicando plugin de timestamps...
[2025-03-15 20:52:36] INFO: Aplicando plugin toJson...
[2025-03-15 20:52:36] INFO: Aplicando plugin toObject...
[2025-03-15 20:52:36] INFO: Aplicando plugin de timestamps...
[2025-03-15 20:52:36] INFO: Aplicando plugin toJson...
[2025-03-15 20:52:36] INFO: Aplicando plugin toObject...
[2025-03-15 20:52:36] INFO: Aplicando plugin de timestamps...
[2025-03-15 20:52:36] INFO: Aplicando plugin toJson...
[2025-03-15 20:52:36] INFO: Aplicando plugin toObject...
[2025-03-15 20:52:36] INFO: Aplicando plugin de timestamps...
[2025-03-15 20:52:36] INFO: Aplicando plugin toJson...
[2025-03-15 20:52:36] INFO: Aplicando plugin toObject...
[2025-03-15 20:52:36] INFO: Aplicando plugin de timestamps...
[2025-03-15 20:52:36] INFO: Aplicando plugin toJson...
[2025-03-15 20:52:36] INFO: Aplicando plugin toObject...
[2025-03-15 20:52:36] INFO: Aplicando plugin de timestamps...
[2025-03-15 20:52:36] INFO: Aplicando plugin toJson...
[2025-03-15 20:52:36] INFO: Aplicando plugin toObject...
[2025-03-15 20:52:36] INFO: Aplicando plugin de timestamps...
[2025-03-15 20:52:36] INFO: Aplicando plugin toJson...
[2025-03-15 20:52:36] INFO: Aplicando plugin toObject...
[2025-03-15 20:52:36] INFO: Aplicando plugin de timestamps...
[2025-03-15 20:52:36] INFO: Aplicando plugin toJson...
[2025-03-15 20:52:36] INFO: Aplicando plugin toObject...
[2025-03-15 20:52:36] INFO: Aplicando plugin de timestamps...
[2025-03-15 20:52:36] INFO: Aplicando plugin toJson...
[2025-03-15 20:52:36] INFO: Aplicando plugin toObject...
[2025-03-15 20:52:36] INFO: Aplicando plugin de timestamps...
[2025-03-15 20:52:36] INFO: Aplicando plugin toJson...
[2025-03-15 20:52:36] INFO: Aplicando plugin toObject...
[2025-03-15 20:52:36] INFO: Aplicando plugin de timestamps...
[2025-03-15 20:52:36] INFO: Aplicando plugin toJson...
[2025-03-15 20:52:36] INFO: Aplicando plugin toObject...
[2025-03-15 20:52:36] INFO: Aplicando plugin de timestamps...
[2025-03-15 20:52:36] INFO: Aplicando plugin toJson...
[2025-03-15 20:52:36] INFO: Aplicando plugin toObject...
[2025-03-15 20:52:36] INFO: Aplicando plugin de timestamps...
[2025-03-15 20:52:36] INFO: Aplicando plugin toJson...
[2025-03-15 20:52:36] INFO: Aplicando plugin toObject...
[2025-03-15 20:52:36] INFO: Conectado a la base de datos...!
[2025-03-15 20:52:51] INFO: Aplicando plugin de timestamps...
[2025-03-15 20:52:51] INFO: Aplicando plugin toJson...
[2025-03-15 20:52:51] INFO: Aplicando plugin toObject...
[2025-03-15 20:52:51] INFO: Aplicando plugin de timestamps...
[2025-03-15 20:52:51] INFO: Aplicando plugin toJson...
[2025-03-15 20:52:51] INFO: Aplicando plugin toObject...
[2025-03-15 20:52:51] INFO: Aplicando plugin de timestamps...
[2025-03-15 20:52:51] INFO: Aplicando plugin toJson...
[2025-03-15 20:52:51] INFO: Aplicando plugin toObject...
[2025-03-15 20:52:51] INFO: Aplicando plugin de timestamps...
[2025-03-15 20:52:51] INFO: Aplicando plugin toJson...
[2025-03-15 20:52:51] INFO: Aplicando plugin toObject...
[2025-03-15 20:52:51] INFO: Aplicando plugin de timestamps...
[2025-03-15 20:52:51] INFO: Aplicando plugin toJson...
[2025-03-15 20:52:51] INFO: Aplicando plugin toObject...
[2025-03-15 20:52:51] INFO: Aplicando plugin de timestamps...
[2025-03-15 20:52:51] INFO: Aplicando plugin toJson...
[2025-03-15 20:52:51] INFO: Aplicando plugin toObject...
[2025-03-15 20:52:51] INFO: Aplicando plugin de timestamps...
[2025-03-15 20:52:51] INFO: Aplicando plugin toJson...
[2025-03-15 20:52:51] INFO: Aplicando plugin toObject...
[2025-03-15 20:52:51] INFO: Aplicando plugin de timestamps...
[2025-03-15 20:52:51] INFO: Aplicando plugin toJson...
[2025-03-15 20:52:51] INFO: Aplicando plugin toObject...
[2025-03-15 20:52:51] INFO: Aplicando plugin de timestamps...
[2025-03-15 20:52:51] INFO: Aplicando plugin toJson...
[2025-03-15 20:52:51] INFO: Aplicando plugin toObject...
[2025-03-15 20:52:51] INFO: Aplicando plugin de timestamps...
[2025-03-15 20:52:51] INFO: Aplicando plugin toJson...
[2025-03-15 20:52:51] INFO: Aplicando plugin toObject...
[2025-03-15 20:52:51] INFO: Aplicando plugin de timestamps...
[2025-03-15 20:52:51] INFO: Aplicando plugin toJson...
[2025-03-15 20:52:51] INFO: Aplicando plugin toObject...
[2025-03-15 20:52:51] INFO: Aplicando plugin de timestamps...
[2025-03-15 20:52:51] INFO: Aplicando plugin toJson...
[2025-03-15 20:52:51] INFO: Aplicando plugin toObject...
[2025-03-15 20:52:51] INFO: Aplicando plugin de timestamps...
[2025-03-15 20:52:51] INFO: Aplicando plugin toJson...
[2025-03-15 20:52:51] INFO: Aplicando plugin toObject...
[2025-03-15 20:52:51] INFO: Aplicando plugin de timestamps...
[2025-03-15 20:52:51] INFO: Aplicando plugin toJson...
[2025-03-15 20:52:51] INFO: Aplicando plugin toObject...
[2025-03-15 20:52:52] INFO: Conectado a la base de datos...!
[2025-03-15 20:53:21] INFO: Aplicando plugin de timestamps...
[2025-03-15 20:53:21] INFO: Aplicando plugin toJson...
[2025-03-15 20:53:21] INFO: Aplicando plugin toObject...
[2025-03-15 20:53:21] INFO: Aplicando plugin de timestamps...
[2025-03-15 20:53:21] INFO: Aplicando plugin toJson...
[2025-03-15 20:53:21] INFO: Aplicando plugin toObject...
[2025-03-15 20:53:21] INFO: Aplicando plugin de timestamps...
[2025-03-15 20:53:21] INFO: Aplicando plugin toJson...
[2025-03-15 20:53:21] INFO: Aplicando plugin toObject...
[2025-03-15 20:53:21] INFO: Aplicando plugin de timestamps...
[2025-03-15 20:53:21] INFO: Aplicando plugin toJson...
[2025-03-15 20:53:21] INFO: Aplicando plugin toObject...
[2025-03-15 20:53:21] INFO: Aplicando plugin de timestamps...
[2025-03-15 20:53:21] INFO: Aplicando plugin toJson...
[2025-03-15 20:53:21] INFO: Aplicando plugin toObject...
[2025-03-15 20:53:21] INFO: Aplicando plugin de timestamps...
[2025-03-15 20:53:21] INFO: Aplicando plugin toJson...
[2025-03-15 20:53:21] INFO: Aplicando plugin toObject...
[2025-03-15 20:53:21] INFO: Aplicando plugin de timestamps...
[2025-03-15 20:53:21] INFO: Aplicando plugin toJson...
[2025-03-15 20:53:21] INFO: Aplicando plugin toObject...
[2025-03-15 20:53:21] INFO: Aplicando plugin de timestamps...
[2025-03-15 20:53:21] INFO: Aplicando plugin toJson...
[2025-03-15 20:53:21] INFO: Aplicando plugin toObject...
[2025-03-15 20:53:21] INFO: Aplicando plugin de timestamps...
[2025-03-15 20:53:21] INFO: Aplicando plugin toJson...
[2025-03-15 20:53:21] INFO: Aplicando plugin toObject...
[2025-03-15 20:53:21] INFO: Aplicando plugin de timestamps...
[2025-03-15 20:53:21] INFO: Aplicando plugin toJson...
[2025-03-15 20:53:21] INFO: Aplicando plugin toObject...
[2025-03-15 20:53:21] INFO: Aplicando plugin de timestamps...
[2025-03-15 20:53:21] INFO: Aplicando plugin toJson...
[2025-03-15 20:53:21] INFO: Aplicando plugin toObject...
[2025-03-15 20:53:21] INFO: Aplicando plugin de timestamps...
[2025-03-15 20:53:21] INFO: Aplicando plugin toJson...
[2025-03-15 20:53:21] INFO: Aplicando plugin toObject...
[2025-03-15 20:53:21] INFO: Aplicando plugin de timestamps...
[2025-03-15 20:53:21] INFO: Aplicando plugin toJson...
[2025-03-15 20:53:21] INFO: Aplicando plugin toObject...
[2025-03-15 20:53:21] INFO: Aplicando plugin de timestamps...
[2025-03-15 20:53:21] INFO: Aplicando plugin toJson...
[2025-03-15 20:53:21] INFO: Aplicando plugin toObject...
[2025-03-15 20:53:22] INFO: Conectado a la base de datos...!
[2025-03-15 20:53:34] INFO: Aplicando plugin de timestamps...
[2025-03-15 20:53:34] INFO: Aplicando plugin toJson...
[2025-03-15 20:53:34] INFO: Aplicando plugin toObject...
[2025-03-15 20:53:34] INFO: Aplicando plugin de timestamps...
[2025-03-15 20:53:34] INFO: Aplicando plugin toJson...
[2025-03-15 20:53:34] INFO: Aplicando plugin toObject...
[2025-03-15 20:53:34] INFO: Aplicando plugin de timestamps...
[2025-03-15 20:53:34] INFO: Aplicando plugin toJson...
[2025-03-15 20:53:34] INFO: Aplicando plugin toObject...
[2025-03-15 20:53:34] INFO: Aplicando plugin de timestamps...
[2025-03-15 20:53:34] INFO: Aplicando plugin toJson...
[2025-03-15 20:53:34] INFO: Aplicando plugin toObject...
[2025-03-15 20:53:34] INFO: Aplicando plugin de timestamps...
[2025-03-15 20:53:34] INFO: Aplicando plugin toJson...
[2025-03-15 20:53:34] INFO: Aplicando plugin toObject...
[2025-03-15 20:53:34] INFO: Aplicando plugin de timestamps...
[2025-03-15 20:53:34] INFO: Aplicando plugin toJson...
[2025-03-15 20:53:34] INFO: Aplicando plugin toObject...
[2025-03-15 20:53:34] INFO: Aplicando plugin de timestamps...
[2025-03-15 20:53:34] INFO: Aplicando plugin toJson...
[2025-03-15 20:53:34] INFO: Aplicando plugin toObject...
[2025-03-15 20:53:34] INFO: Aplicando plugin de timestamps...
[2025-03-15 20:53:34] INFO: Aplicando plugin toJson...
[2025-03-15 20:53:34] INFO: Aplicando plugin toObject...
[2025-03-15 20:53:34] INFO: Aplicando plugin de timestamps...
[2025-03-15 20:53:34] INFO: Aplicando plugin toJson...
[2025-03-15 20:53:34] INFO: Aplicando plugin toObject...
[2025-03-15 20:53:34] INFO: Aplicando plugin de timestamps...
[2025-03-15 20:53:34] INFO: Aplicando plugin toJson...
[2025-03-15 20:53:34] INFO: Aplicando plugin toObject...
[2025-03-15 20:53:34] INFO: Aplicando plugin de timestamps...
[2025-03-15 20:53:34] INFO: Aplicando plugin toJson...
[2025-03-15 20:53:34] INFO: Aplicando plugin toObject...
[2025-03-15 20:53:34] INFO: Aplicando plugin de timestamps...
[2025-03-15 20:53:34] INFO: Aplicando plugin toJson...
[2025-03-15 20:53:34] INFO: Aplicando plugin toObject...
[2025-03-15 20:53:34] INFO: Aplicando plugin de timestamps...
[2025-03-15 20:53:34] INFO: Aplicando plugin toJson...
[2025-03-15 20:53:34] INFO: Aplicando plugin toObject...
[2025-03-15 20:53:34] INFO: Aplicando plugin de timestamps...
[2025-03-15 20:53:34] INFO: Aplicando plugin toJson...
[2025-03-15 20:53:34] INFO: Aplicando plugin toObject...
[2025-03-15 20:53:35] INFO: Conectado a la base de datos...!
[2025-03-15 20:54:03] INFO: Generated token: eyJhbGciOiJIUzI1NiIsInR5cCI6IkpXVCJ9.eyJ1c2VySWQiOiI2N2Q2MDVhYTJmYTVjYWIxYzU3YjAzNGYiLCJyb2xlIjoiZGV2IiwiZW5hYmxlZCI6dHJ1ZSwiaWF0IjoxNzQyMDgyODQzLCJleHAiOjE3NDIwODY0NDN9.FTMZ_yLZmQRLdEmkW3wq7e9tVzhKaMRUoFu7o4puyNU
[2025-03-15 20:54:10] INFO: Generated token: eyJhbGciOiJIUzI1NiIsInR5cCI6IkpXVCJ9.eyJ1c2VySWQiOiI2N2Q2MTMxM2ZlOGJjN2NiN2NhZTQ1NTAiLCJyb2xlIjoiZGV2IiwiZW5hYmxlZCI6dHJ1ZSwiaWF0IjoxNzQyMDgyODUwLCJleHAiOjE3NDIwODY0NTB9.7YPpZZS6HkZamZQaCgr382KL2Y8PhG_weWYkUbErkjw
[2025-03-15 20:54:58] INFO: Aplicando plugin de timestamps...
[2025-03-15 20:54:58] INFO: Aplicando plugin toJson...
[2025-03-15 20:54:58] INFO: Aplicando plugin toObject...
[2025-03-15 20:54:58] INFO: Aplicando plugin de timestamps...
[2025-03-15 20:54:58] INFO: Aplicando plugin toJson...
[2025-03-15 20:54:58] INFO: Aplicando plugin toObject...
[2025-03-15 20:54:58] INFO: Aplicando plugin de timestamps...
[2025-03-15 20:54:58] INFO: Aplicando plugin toJson...
[2025-03-15 20:54:58] INFO: Aplicando plugin toObject...
[2025-03-15 20:54:58] INFO: Aplicando plugin de timestamps...
[2025-03-15 20:54:58] INFO: Aplicando plugin toJson...
[2025-03-15 20:54:58] INFO: Aplicando plugin toObject...
[2025-03-15 20:54:58] INFO: Aplicando plugin de timestamps...
[2025-03-15 20:54:58] INFO: Aplicando plugin toJson...
[2025-03-15 20:54:58] INFO: Aplicando plugin toObject...
[2025-03-15 20:54:58] INFO: Aplicando plugin de timestamps...
[2025-03-15 20:54:58] INFO: Aplicando plugin toJson...
[2025-03-15 20:54:58] INFO: Aplicando plugin toObject...
[2025-03-15 20:54:58] INFO: Aplicando plugin de timestamps...
[2025-03-15 20:54:58] INFO: Aplicando plugin toJson...
[2025-03-15 20:54:58] INFO: Aplicando plugin toObject...
[2025-03-15 20:54:58] INFO: Aplicando plugin de timestamps...
[2025-03-15 20:54:58] INFO: Aplicando plugin toJson...
[2025-03-15 20:54:58] INFO: Aplicando plugin toObject...
[2025-03-15 20:54:58] INFO: Aplicando plugin de timestamps...
[2025-03-15 20:54:58] INFO: Aplicando plugin toJson...
[2025-03-15 20:54:58] INFO: Aplicando plugin toObject...
[2025-03-15 20:54:58] INFO: Aplicando plugin de timestamps...
[2025-03-15 20:54:58] INFO: Aplicando plugin toJson...
[2025-03-15 20:54:58] INFO: Aplicando plugin toObject...
[2025-03-15 20:54:58] INFO: Aplicando plugin de timestamps...
[2025-03-15 20:54:58] INFO: Aplicando plugin toJson...
[2025-03-15 20:54:58] INFO: Aplicando plugin toObject...
[2025-03-15 20:54:58] INFO: Aplicando plugin de timestamps...
[2025-03-15 20:54:58] INFO: Aplicando plugin toJson...
[2025-03-15 20:54:58] INFO: Aplicando plugin toObject...
[2025-03-15 20:54:58] INFO: Aplicando plugin de timestamps...
[2025-03-15 20:54:58] INFO: Aplicando plugin toJson...
[2025-03-15 20:54:58] INFO: Aplicando plugin toObject...
[2025-03-15 20:54:58] INFO: Aplicando plugin de timestamps...
[2025-03-15 20:54:58] INFO: Aplicando plugin toJson...
[2025-03-15 20:54:58] INFO: Aplicando plugin toObject...
[2025-03-15 20:54:58] INFO: Conectado a la base de datos...!
[2025-03-15 20:57:32] INFO: Aplicando plugin de timestamps...
[2025-03-15 20:57:32] INFO: Aplicando plugin toJson...
[2025-03-15 20:57:32] INFO: Aplicando plugin toObject...
[2025-03-15 20:57:32] INFO: Aplicando plugin de timestamps...
[2025-03-15 20:57:32] INFO: Aplicando plugin toJson...
[2025-03-15 20:57:32] INFO: Aplicando plugin toObject...
[2025-03-15 20:57:32] INFO: Aplicando plugin de timestamps...
[2025-03-15 20:57:32] INFO: Aplicando plugin toJson...
[2025-03-15 20:57:32] INFO: Aplicando plugin toObject...
[2025-03-15 20:57:32] INFO: Aplicando plugin de timestamps...
[2025-03-15 20:57:32] INFO: Aplicando plugin toJson...
[2025-03-15 20:57:32] INFO: Aplicando plugin toObject...
[2025-03-15 20:57:32] INFO: Aplicando plugin de timestamps...
[2025-03-15 20:57:32] INFO: Aplicando plugin toJson...
[2025-03-15 20:57:32] INFO: Aplicando plugin toObject...
[2025-03-15 20:57:32] INFO: Aplicando plugin de timestamps...
[2025-03-15 20:57:32] INFO: Aplicando plugin toJson...
[2025-03-15 20:57:32] INFO: Aplicando plugin toObject...
[2025-03-15 20:57:32] INFO: Aplicando plugin de timestamps...
[2025-03-15 20:57:32] INFO: Aplicando plugin toJson...
[2025-03-15 20:57:32] INFO: Aplicando plugin toObject...
[2025-03-15 20:57:32] INFO: Aplicando plugin de timestamps...
[2025-03-15 20:57:32] INFO: Aplicando plugin toJson...
[2025-03-15 20:57:32] INFO: Aplicando plugin toObject...
[2025-03-15 20:57:32] INFO: Aplicando plugin de timestamps...
[2025-03-15 20:57:32] INFO: Aplicando plugin toJson...
[2025-03-15 20:57:32] INFO: Aplicando plugin toObject...
[2025-03-15 20:57:32] INFO: Aplicando plugin de timestamps...
[2025-03-15 20:57:32] INFO: Aplicando plugin toJson...
[2025-03-15 20:57:32] INFO: Aplicando plugin toObject...
[2025-03-15 20:57:32] INFO: Aplicando plugin de timestamps...
[2025-03-15 20:57:32] INFO: Aplicando plugin toJson...
[2025-03-15 20:57:32] INFO: Aplicando plugin toObject...
[2025-03-15 20:57:32] INFO: Aplicando plugin de timestamps...
[2025-03-15 20:57:32] INFO: Aplicando plugin toJson...
[2025-03-15 20:57:32] INFO: Aplicando plugin toObject...
[2025-03-15 20:57:32] INFO: Aplicando plugin de timestamps...
[2025-03-15 20:57:32] INFO: Aplicando plugin toJson...
[2025-03-15 20:57:32] INFO: Aplicando plugin toObject...
[2025-03-15 20:57:32] INFO: Aplicando plugin de timestamps...
[2025-03-15 20:57:32] INFO: Aplicando plugin toJson...
[2025-03-15 20:57:32] INFO: Aplicando plugin toObject...
[2025-03-15 20:57:32] INFO: Conectado a la base de datos...!
[2025-03-15 20:59:54] INFO: Aplicando plugin de timestamps...
[2025-03-15 20:59:54] INFO: Aplicando plugin toJson...
[2025-03-15 20:59:54] INFO: Aplicando plugin toObject...
[2025-03-15 20:59:54] INFO: Aplicando plugin de timestamps...
[2025-03-15 20:59:54] INFO: Aplicando plugin toJson...
[2025-03-15 20:59:54] INFO: Aplicando plugin toObject...
[2025-03-15 20:59:54] INFO: Aplicando plugin de timestamps...
[2025-03-15 20:59:54] INFO: Aplicando plugin toJson...
[2025-03-15 20:59:54] INFO: Aplicando plugin toObject...
[2025-03-15 20:59:54] INFO: Aplicando plugin de timestamps...
[2025-03-15 20:59:54] INFO: Aplicando plugin toJson...
[2025-03-15 20:59:54] INFO: Aplicando plugin toObject...
[2025-03-15 20:59:54] INFO: Aplicando plugin de timestamps...
[2025-03-15 20:59:54] INFO: Aplicando plugin toJson...
[2025-03-15 20:59:54] INFO: Aplicando plugin toObject...
[2025-03-15 20:59:54] INFO: Aplicando plugin de timestamps...
[2025-03-15 20:59:54] INFO: Aplicando plugin toJson...
[2025-03-15 20:59:54] INFO: Aplicando plugin toObject...
[2025-03-15 20:59:54] INFO: Aplicando plugin de timestamps...
[2025-03-15 20:59:54] INFO: Aplicando plugin toJson...
[2025-03-15 20:59:54] INFO: Aplicando plugin toObject...
[2025-03-15 20:59:54] INFO: Aplicando plugin de timestamps...
[2025-03-15 20:59:54] INFO: Aplicando plugin toJson...
[2025-03-15 20:59:54] INFO: Aplicando plugin toObject...
[2025-03-15 20:59:54] INFO: Aplicando plugin de timestamps...
[2025-03-15 20:59:54] INFO: Aplicando plugin toJson...
[2025-03-15 20:59:54] INFO: Aplicando plugin toObject...
[2025-03-15 20:59:54] INFO: Aplicando plugin de timestamps...
[2025-03-15 20:59:54] INFO: Aplicando plugin toJson...
[2025-03-15 20:59:54] INFO: Aplicando plugin toObject...
[2025-03-15 20:59:54] INFO: Aplicando plugin de timestamps...
[2025-03-15 20:59:54] INFO: Aplicando plugin toJson...
[2025-03-15 20:59:54] INFO: Aplicando plugin toObject...
[2025-03-15 20:59:54] INFO: Aplicando plugin de timestamps...
[2025-03-15 20:59:54] INFO: Aplicando plugin toJson...
[2025-03-15 20:59:54] INFO: Aplicando plugin toObject...
[2025-03-15 20:59:54] INFO: Aplicando plugin de timestamps...
[2025-03-15 20:59:54] INFO: Aplicando plugin toJson...
[2025-03-15 20:59:54] INFO: Aplicando plugin toObject...
[2025-03-15 20:59:54] INFO: Aplicando plugin de timestamps...
[2025-03-15 20:59:54] INFO: Aplicando plugin toJson...
[2025-03-15 20:59:54] INFO: Aplicando plugin toObject...
[2025-03-15 20:59:55] INFO: Conectado a la base de datos...!
[2025-03-15 21:00:51] INFO: Aplicando plugin de timestamps...
[2025-03-15 21:00:51] INFO: Aplicando plugin toJson...
[2025-03-15 21:00:51] INFO: Aplicando plugin toObject...
[2025-03-15 21:00:51] INFO: Aplicando plugin de timestamps...
[2025-03-15 21:00:51] INFO: Aplicando plugin toJson...
[2025-03-15 21:00:51] INFO: Aplicando plugin toObject...
[2025-03-15 21:00:51] INFO: Aplicando plugin de timestamps...
[2025-03-15 21:00:51] INFO: Aplicando plugin toJson...
[2025-03-15 21:00:51] INFO: Aplicando plugin toObject...
[2025-03-15 21:00:51] INFO: Aplicando plugin de timestamps...
[2025-03-15 21:00:51] INFO: Aplicando plugin toJson...
[2025-03-15 21:00:51] INFO: Aplicando plugin toObject...
[2025-03-15 21:00:51] INFO: Aplicando plugin de timestamps...
[2025-03-15 21:00:51] INFO: Aplicando plugin toJson...
[2025-03-15 21:00:51] INFO: Aplicando plugin toObject...
[2025-03-15 21:00:51] INFO: Aplicando plugin de timestamps...
[2025-03-15 21:00:51] INFO: Aplicando plugin toJson...
[2025-03-15 21:00:51] INFO: Aplicando plugin toObject...
[2025-03-15 21:00:51] INFO: Aplicando plugin de timestamps...
[2025-03-15 21:00:51] INFO: Aplicando plugin toJson...
[2025-03-15 21:00:51] INFO: Aplicando plugin toObject...
[2025-03-15 21:00:51] INFO: Aplicando plugin de timestamps...
[2025-03-15 21:00:51] INFO: Aplicando plugin toJson...
[2025-03-15 21:00:51] INFO: Aplicando plugin toObject...
[2025-03-15 21:00:51] INFO: Aplicando plugin de timestamps...
[2025-03-15 21:00:51] INFO: Aplicando plugin toJson...
[2025-03-15 21:00:51] INFO: Aplicando plugin toObject...
[2025-03-15 21:00:51] INFO: Aplicando plugin de timestamps...
[2025-03-15 21:00:51] INFO: Aplicando plugin toJson...
[2025-03-15 21:00:51] INFO: Aplicando plugin toObject...
[2025-03-15 21:00:51] INFO: Aplicando plugin de timestamps...
[2025-03-15 21:00:51] INFO: Aplicando plugin toJson...
[2025-03-15 21:00:51] INFO: Aplicando plugin toObject...
[2025-03-15 21:00:51] INFO: Aplicando plugin de timestamps...
[2025-03-15 21:00:51] INFO: Aplicando plugin toJson...
[2025-03-15 21:00:51] INFO: Aplicando plugin toObject...
[2025-03-15 21:00:51] INFO: Aplicando plugin de timestamps...
[2025-03-15 21:00:51] INFO: Aplicando plugin toJson...
[2025-03-15 21:00:51] INFO: Aplicando plugin toObject...
[2025-03-15 21:00:51] INFO: Aplicando plugin de timestamps...
[2025-03-15 21:00:51] INFO: Aplicando plugin toJson...
[2025-03-15 21:00:51] INFO: Aplicando plugin toObject...
[2025-03-15 21:00:52] INFO: Conectado a la base de datos...!
[2025-03-15 21:01:53] INFO: Aplicando plugin de timestamps...
[2025-03-15 21:01:53] INFO: Aplicando plugin toJson...
[2025-03-15 21:01:53] INFO: Aplicando plugin toObject...
[2025-03-15 21:01:53] INFO: Aplicando plugin de timestamps...
[2025-03-15 21:01:53] INFO: Aplicando plugin toJson...
[2025-03-15 21:01:53] INFO: Aplicando plugin toObject...
[2025-03-15 21:01:53] INFO: Aplicando plugin de timestamps...
[2025-03-15 21:01:53] INFO: Aplicando plugin toJson...
[2025-03-15 21:01:53] INFO: Aplicando plugin toObject...
[2025-03-15 21:01:53] INFO: Aplicando plugin de timestamps...
[2025-03-15 21:01:53] INFO: Aplicando plugin toJson...
[2025-03-15 21:01:53] INFO: Aplicando plugin toObject...
[2025-03-15 21:01:53] INFO: Aplicando plugin de timestamps...
[2025-03-15 21:01:53] INFO: Aplicando plugin toJson...
[2025-03-15 21:01:53] INFO: Aplicando plugin toObject...
[2025-03-15 21:01:53] INFO: Aplicando plugin de timestamps...
[2025-03-15 21:01:53] INFO: Aplicando plugin toJson...
[2025-03-15 21:01:53] INFO: Aplicando plugin toObject...
[2025-03-15 21:01:53] INFO: Aplicando plugin de timestamps...
[2025-03-15 21:01:53] INFO: Aplicando plugin toJson...
[2025-03-15 21:01:53] INFO: Aplicando plugin toObject...
[2025-03-15 21:01:53] INFO: Aplicando plugin de timestamps...
[2025-03-15 21:01:53] INFO: Aplicando plugin toJson...
[2025-03-15 21:01:53] INFO: Aplicando plugin toObject...
[2025-03-15 21:01:53] INFO: Aplicando plugin de timestamps...
[2025-03-15 21:01:53] INFO: Aplicando plugin toJson...
[2025-03-15 21:01:53] INFO: Aplicando plugin toObject...
[2025-03-15 21:01:53] INFO: Aplicando plugin de timestamps...
[2025-03-15 21:01:53] INFO: Aplicando plugin toJson...
[2025-03-15 21:01:53] INFO: Aplicando plugin toObject...
[2025-03-15 21:01:53] INFO: Aplicando plugin de timestamps...
[2025-03-15 21:01:53] INFO: Aplicando plugin toJson...
[2025-03-15 21:01:53] INFO: Aplicando plugin toObject...
[2025-03-15 21:01:53] INFO: Aplicando plugin de timestamps...
[2025-03-15 21:01:53] INFO: Aplicando plugin toJson...
[2025-03-15 21:01:53] INFO: Aplicando plugin toObject...
[2025-03-15 21:01:53] INFO: Aplicando plugin de timestamps...
[2025-03-15 21:01:53] INFO: Aplicando plugin toJson...
[2025-03-15 21:01:53] INFO: Aplicando plugin toObject...
[2025-03-15 21:01:53] INFO: Aplicando plugin de timestamps...
[2025-03-15 21:01:53] INFO: Aplicando plugin toJson...
[2025-03-15 21:01:53] INFO: Aplicando plugin toObject...
[2025-03-15 21:01:53] INFO: Conectado a la base de datos...!
[2025-03-15 21:03:46] INFO: Aplicando plugin de timestamps...
[2025-03-15 21:03:46] INFO: Aplicando plugin toJson...
[2025-03-15 21:03:46] INFO: Aplicando plugin toObject...
[2025-03-15 21:03:46] INFO: Aplicando plugin de timestamps...
[2025-03-15 21:03:46] INFO: Aplicando plugin toJson...
[2025-03-15 21:03:46] INFO: Aplicando plugin toObject...
[2025-03-15 21:03:46] INFO: Aplicando plugin de timestamps...
[2025-03-15 21:03:46] INFO: Aplicando plugin toJson...
[2025-03-15 21:03:46] INFO: Aplicando plugin toObject...
[2025-03-15 21:03:46] INFO: Aplicando plugin de timestamps...
[2025-03-15 21:03:46] INFO: Aplicando plugin toJson...
[2025-03-15 21:03:46] INFO: Aplicando plugin toObject...
[2025-03-15 21:03:46] INFO: Aplicando plugin de timestamps...
[2025-03-15 21:03:46] INFO: Aplicando plugin toJson...
[2025-03-15 21:03:46] INFO: Aplicando plugin toObject...
[2025-03-15 21:03:46] INFO: Aplicando plugin de timestamps...
[2025-03-15 21:03:46] INFO: Aplicando plugin toJson...
[2025-03-15 21:03:46] INFO: Aplicando plugin toObject...
[2025-03-15 21:03:46] INFO: Aplicando plugin de timestamps...
[2025-03-15 21:03:46] INFO: Aplicando plugin toJson...
[2025-03-15 21:03:46] INFO: Aplicando plugin toObject...
[2025-03-15 21:03:46] INFO: Aplicando plugin de timestamps...
[2025-03-15 21:03:46] INFO: Aplicando plugin toJson...
[2025-03-15 21:03:46] INFO: Aplicando plugin toObject...
[2025-03-15 21:03:46] INFO: Aplicando plugin de timestamps...
[2025-03-15 21:03:46] INFO: Aplicando plugin toJson...
[2025-03-15 21:03:46] INFO: Aplicando plugin toObject...
[2025-03-15 21:03:46] INFO: Aplicando plugin de timestamps...
[2025-03-15 21:03:46] INFO: Aplicando plugin toJson...
[2025-03-15 21:03:46] INFO: Aplicando plugin toObject...
[2025-03-15 21:03:46] INFO: Aplicando plugin de timestamps...
[2025-03-15 21:03:46] INFO: Aplicando plugin toJson...
[2025-03-15 21:03:46] INFO: Aplicando plugin toObject...
[2025-03-15 21:03:46] INFO: Aplicando plugin de timestamps...
[2025-03-15 21:03:46] INFO: Aplicando plugin toJson...
[2025-03-15 21:03:46] INFO: Aplicando plugin toObject...
[2025-03-15 21:03:46] INFO: Aplicando plugin de timestamps...
[2025-03-15 21:03:46] INFO: Aplicando plugin toJson...
[2025-03-15 21:03:46] INFO: Aplicando plugin toObject...
[2025-03-15 21:03:46] INFO: Aplicando plugin de timestamps...
[2025-03-15 21:03:46] INFO: Aplicando plugin toJson...
[2025-03-15 21:03:46] INFO: Aplicando plugin toObject...
[2025-03-15 21:03:46] INFO: Conectado a la base de datos...!
[2025-03-15 21:04:01] INFO: Generated token para user-admin: eyJhbGciOiJIUzI1NiIsInR5cCI6IkpXVCJ9.eyJ1c2VySWQiOiI2N2Q2MTU3MWQ3ZGQ5MGMyZjQzZGVjZjIiLCJyb2xlIjoiYWRtaW4iLCJlbmFibGVkIjp0cnVlLCJpYXQiOjE3NDIwODM0NDEsImV4cCI6MTc0MjA4NzA0MX0.s71PGsKRa1DSx3IrsVlPN8vDt3ZhXNstV0XdCKd4Knw
[2025-03-15 21:05:30] INFO: Aplicando plugin de timestamps...
[2025-03-15 21:05:30] INFO: Aplicando plugin toJson...
[2025-03-15 21:05:30] INFO: Aplicando plugin toObject...
[2025-03-15 21:05:30] INFO: Aplicando plugin de timestamps...
[2025-03-15 21:05:30] INFO: Aplicando plugin toJson...
[2025-03-15 21:05:30] INFO: Aplicando plugin toObject...
[2025-03-15 21:05:30] INFO: Aplicando plugin de timestamps...
[2025-03-15 21:05:30] INFO: Aplicando plugin toJson...
[2025-03-15 21:05:30] INFO: Aplicando plugin toObject...
[2025-03-15 21:05:30] INFO: Aplicando plugin de timestamps...
[2025-03-15 21:05:30] INFO: Aplicando plugin toJson...
[2025-03-15 21:05:30] INFO: Aplicando plugin toObject...
[2025-03-15 21:05:30] INFO: Aplicando plugin de timestamps...
[2025-03-15 21:05:30] INFO: Aplicando plugin toJson...
[2025-03-15 21:05:30] INFO: Aplicando plugin toObject...
[2025-03-15 21:05:30] INFO: Aplicando plugin de timestamps...
[2025-03-15 21:05:30] INFO: Aplicando plugin toJson...
[2025-03-15 21:05:30] INFO: Aplicando plugin toObject...
[2025-03-15 21:05:30] INFO: Aplicando plugin de timestamps...
[2025-03-15 21:05:30] INFO: Aplicando plugin toJson...
[2025-03-15 21:05:30] INFO: Aplicando plugin toObject...
[2025-03-15 21:05:30] INFO: Aplicando plugin de timestamps...
[2025-03-15 21:05:30] INFO: Aplicando plugin toJson...
[2025-03-15 21:05:30] INFO: Aplicando plugin toObject...
[2025-03-15 21:05:30] INFO: Aplicando plugin de timestamps...
[2025-03-15 21:05:30] INFO: Aplicando plugin toJson...
[2025-03-15 21:05:30] INFO: Aplicando plugin toObject...
[2025-03-15 21:05:30] INFO: Aplicando plugin de timestamps...
[2025-03-15 21:05:30] INFO: Aplicando plugin toJson...
[2025-03-15 21:05:30] INFO: Aplicando plugin toObject...
[2025-03-15 21:05:30] INFO: Aplicando plugin de timestamps...
[2025-03-15 21:05:30] INFO: Aplicando plugin toJson...
[2025-03-15 21:05:30] INFO: Aplicando plugin toObject...
[2025-03-15 21:05:30] INFO: Aplicando plugin de timestamps...
[2025-03-15 21:05:30] INFO: Aplicando plugin toJson...
[2025-03-15 21:05:30] INFO: Aplicando plugin toObject...
[2025-03-15 21:05:30] INFO: Aplicando plugin de timestamps...
[2025-03-15 21:05:30] INFO: Aplicando plugin toJson...
[2025-03-15 21:05:30] INFO: Aplicando plugin toObject...
[2025-03-15 21:05:30] INFO: Aplicando plugin de timestamps...
[2025-03-15 21:05:30] INFO: Aplicando plugin toJson...
[2025-03-15 21:05:30] INFO: Aplicando plugin toObject...
[2025-03-15 21:05:30] INFO: Conectado a la base de datos...!
[2025-03-15 21:05:43] INFO: Generated token para user-admin: eyJhbGciOiJIUzI1NiIsInR5cCI6IkpXVCJ9.eyJ1c2VySWQiOiI2N2Q2MTU3MWQ3ZGQ5MGMyZjQzZGVjZjIiLCJyb2xlIjoiYWRtaW4iLCJlbmFibGVkIjp0cnVlLCJpYXQiOjE3NDIwODM1NDMsImV4cCI6MTc0MjA4NzE0M30.4xILIoMdri8LLmFBBaZ7ox91oZZl9dAaxrv4w-Q3N_Y
[2025-03-15 21:06:11] INFO: Generated token para user-admin: eyJhbGciOiJIUzI1NiIsInR5cCI6IkpXVCJ9.eyJ1c2VySWQiOiI2N2Q2MTVmM2ZhZmZlZWFlNmY0NWJlYWYiLCJyb2xlIjoiYWRtaW4iLCJlbmFibGVkIjp0cnVlLCJpYXQiOjE3NDIwODM1NzEsImV4cCI6MTc0MjA4NzE3MX0.bK4bHjplf_11t31DFPuYNKFg-Z0u-9Nk6zCmbTN9N8s
[2025-03-15 21:06:34] INFO: Aplicando plugin de timestamps...
[2025-03-15 21:06:34] INFO: Aplicando plugin toJson...
[2025-03-15 21:06:34] INFO: Aplicando plugin toObject...
[2025-03-15 21:06:34] INFO: Aplicando plugin de timestamps...
[2025-03-15 21:06:34] INFO: Aplicando plugin toJson...
[2025-03-15 21:06:34] INFO: Aplicando plugin toObject...
[2025-03-15 21:06:34] INFO: Aplicando plugin de timestamps...
[2025-03-15 21:06:34] INFO: Aplicando plugin toJson...
[2025-03-15 21:06:34] INFO: Aplicando plugin toObject...
[2025-03-15 21:06:34] INFO: Aplicando plugin de timestamps...
[2025-03-15 21:06:34] INFO: Aplicando plugin toJson...
[2025-03-15 21:06:34] INFO: Aplicando plugin toObject...
[2025-03-15 21:06:34] INFO: Aplicando plugin de timestamps...
[2025-03-15 21:06:34] INFO: Aplicando plugin toJson...
[2025-03-15 21:06:34] INFO: Aplicando plugin toObject...
[2025-03-15 21:06:34] INFO: Aplicando plugin de timestamps...
[2025-03-15 21:06:34] INFO: Aplicando plugin toJson...
[2025-03-15 21:06:34] INFO: Aplicando plugin toObject...
[2025-03-15 21:06:34] INFO: Aplicando plugin de timestamps...
[2025-03-15 21:06:34] INFO: Aplicando plugin toJson...
[2025-03-15 21:06:34] INFO: Aplicando plugin toObject...
[2025-03-15 21:06:34] INFO: Aplicando plugin de timestamps...
[2025-03-15 21:06:34] INFO: Aplicando plugin toJson...
[2025-03-15 21:06:34] INFO: Aplicando plugin toObject...
[2025-03-15 21:06:34] INFO: Aplicando plugin de timestamps...
[2025-03-15 21:06:34] INFO: Aplicando plugin toJson...
[2025-03-15 21:06:34] INFO: Aplicando plugin toObject...
[2025-03-15 21:06:34] INFO: Aplicando plugin de timestamps...
[2025-03-15 21:06:34] INFO: Aplicando plugin toJson...
[2025-03-15 21:06:34] INFO: Aplicando plugin toObject...
[2025-03-15 21:06:34] INFO: Aplicando plugin de timestamps...
[2025-03-15 21:06:34] INFO: Aplicando plugin toJson...
[2025-03-15 21:06:34] INFO: Aplicando plugin toObject...
[2025-03-15 21:06:34] INFO: Aplicando plugin de timestamps...
[2025-03-15 21:06:34] INFO: Aplicando plugin toJson...
[2025-03-15 21:06:34] INFO: Aplicando plugin toObject...
[2025-03-15 21:06:34] INFO: Aplicando plugin de timestamps...
[2025-03-15 21:06:34] INFO: Aplicando plugin toJson...
[2025-03-15 21:06:34] INFO: Aplicando plugin toObject...
[2025-03-15 21:06:34] INFO: Aplicando plugin de timestamps...
[2025-03-15 21:06:34] INFO: Aplicando plugin toJson...
[2025-03-15 21:06:34] INFO: Aplicando plugin toObject...
[2025-03-15 21:06:35] INFO: Conectado a la base de datos...!
